Dist,Alt,Mach,TAS,Fuel,Fuel Burn,gNOx,gCO2,n_prop,n_cycle,n_0,H
0,9,0.77,233.17,69715.0,3285.0,,,,,,
10,9,0.77,233.17,69642.98,72.02,6297.5,222390.17,0.74,0.5,0.33,30404.26
20,9,0.77,233.13,69570.96,72.02,6296.53,222399.2,0.74,0.5,0.33,30403.02
30,9,0.77,233.09,69498.94,72.02,6295.56,222408.24,0.74,0.5,0.33,30401.79
40,9,0.77,233.05,69426.91,72.03,6294.59,222417.28,0.74,0.5,0.33,30400.55
50,9,0.77,233.01,69354.88,72.03,6293.62,222426.33,0.74,0.5,0.33,30399.31
60,9,0.77,232.97,69282.85,72.03,6292.65,222435.39,0.74,0.5,0.33,30398.08
70,9,0.77,232.93,69210.82,72.04,6291.68,222444.46,0.74,0.5,0.33,30396.84
80,9,0.77,232.9,69138.78,72.04,6290.71,222453.52,0.74,0.5,0.33,30395.6
90,9,0.77,232.86,69066.74,72.04,6289.74,222462.6,0.74,0.5,0.33,30394.36
100,9,0.77,232.82,68994.69,72.04,6288.77,222471.68,0.74,0.5,0.33,30393.12
110,9,0.77,232.78,68922.65,72.05,6287.8,222480.77,0.74,0.5,0.33,30391.87
120,9,0.77,232.74,68850.6,72.05,6286.84,222489.86,0.74,0.5,0.33,30390.63
130,9,0.77,232.7,68778.54,72.05,6285.87,222498.96,0.74,0.5,0.33,30389.39
140,9,0.77,232.66,68706.49,72.06,6284.9,222508.07,0.74,0.5,0.33,30388.14
150,9,0.77,232.62,68634.43,72.06,6283.93,222517.18,0.74,0.5,0.33,30386.9
160,9,0.77,232.58,68562.37,72.06,6282.97,222526.3,0.74,0.5,0.33,30385.65
170,9,0.77,232.54,68490.3,72.06,6282.0,222535.43,0.74,0.5,0.33,30384.41
180,9,0.77,232.51,68418.24,72.07,6281.03,222544.56,0.74,0.5,0.33,30383.16
190,9,0.77,232.47,68346.16,72.07,6280.07,222553.7,0.74,0.5,0.33,30381.91
200,9,0.77,232.43,68274.09,72.07,6279.1,222562.84,0.74,0.5,0.33,30380.67
210,9,0.77,232.39,68202.01,72.08,6278.14,222571.99,0.74,0.5,0.33,30379.42
220,9,0.76,232.35,68129.94,72.08,6277.17,222581.15,0.74,0.5,0.33,30378.17
230,9,0.76,232.31,68057.85,72.08,6276.21,222590.31,0.74,0.5,0.33,30376.92
240,9,0.76,232.27,67985.77,72.09,6275.24,222599.48,0.74,0.5,0.33,30375.66
250,9,0.76,232.23,67913.68,72.09,6274.28,222608.65,0.74,0.5,0.33,30374.41
260,9,0.76,232.19,67841.59,72.09,6273.31,222617.83,0.74,0.5,0.33,30373.16
270,9,0.76,232.15,67769.49,72.09,6272.35,222627.02,0.74,0.5,0.33,30371.91
280,9,0.76,232.11,67697.4,72.1,6271.39,222636.21,0.74,0.5,0.33,30370.65
290,9,0.76,232.08,67625.3,72.1,6270.42,222645.41,0.74,0.5,0.33,30369.4
300,9,0.76,232.04,67553.19,72.1,6269.46,222654.62,0.74,0.5,0.33,30368.14
310,9,0.76,232.0,67481.09,72.11,6268.5,222663.83,0.74,0.5,0.33,30366.88
320,9,0.76,231.96,67408.98,72.11,6267.53,222673.05,0.74,0.5,0.33,30365.63
330,9,0.76,231.92,67336.87,72.11,6266.57,222682.28,0.74,0.5,0.33,30364.37
340,9,0.76,231.88,67264.75,72.12,6265.61,222691.51,0.74,0.5,0.33,30363.11
350,9,0.76,231.84,67192.63,72.12,6264.65,222700.74,0.74,0.5,0.33,30361.85
360,9,0.76,231.8,67120.51,72.12,6263.69,222709.99,0.74,0.5,0.33,30360.59
370,9,0.76,231.76,67048.39,72.12,6262.72,222719.24,0.74,0.5,0.33,30359.33
380,9,0.76,231.72,66976.26,72.13,6261.76,222728.5,0.74,0.5,0.33,30358.07
390,9,0.76,231.68,66904.13,72.13,6260.8,222737.76,0.74,0.5,0.33,30356.8
400,9,0.76,231.64,66832.0,72.13,6259.84,222747.03,0.74,0.5,0.33,30355.54
410,9,0.76,231.61,66759.86,72.14,6258.88,222756.3,0.74,0.5,0.33,30354.28
420,9,0.76,231.57,66687.72,72.14,6257.92,222765.59,0.74,0.5,0.33,30353.01
430,9,0.76,231.53,66615.58,72.14,6256.96,222774.87,0.74,0.5,0.33,30351.74
440,9,0.76,231.49,66543.43,72.15,6256.0,222784.17,0.74,0.5,0.33,30350.48
450,9,0.76,231.45,66471.29,72.15,6255.04,222793.47,0.74,0.5,0.33,30349.21
460,9,0.76,231.41,66399.14,72.15,6254.08,222802.78,0.74,0.5,0.33,30347.94
470,9,0.76,231.37,66326.98,72.15,6253.13,222812.09,0.74,0.5,0.33,30346.67
480,9,0.76,231.33,66254.82,72.16,6252.17,222821.41,0.74,0.5,0.33,30345.4
490,9,0.76,231.29,66182.66,72.16,6251.21,222830.74,0.74,0.5,0.33,30344.13
500,9,0.76,231.25,66110.5,72.16,6250.25,222840.07,0.74,0.5,0.33,30342.86
510,9,0.76,231.21,66038.33,72.17,6249.29,222849.41,0.74,0.5,0.33,30341.59
520,9,0.76,231.17,65966.16,72.17,6248.34,222858.76,0.74,0.5,0.33,30340.32
530,9,0.76,231.13,65893.99,72.17,6247.38,222868.11,0.74,0.5,0.33,30339.04
540,9,0.76,231.09,65821.82,72.18,6246.42,222877.47,0.74,0.5,0.33,30337.77
550,9,0.76,231.05,65749.64,72.18,6245.47,222886.84,0.74,0.5,0.33,30336.5
560,9,0.76,231.02,65677.46,72.18,6244.51,222896.21,0.74,0.5,0.33,30335.22
570,9,0.76,230.98,65605.27,72.18,6243.55,222905.59,0.74,0.5,0.33,30333.94
580,9,0.76,230.94,65533.09,72.19,6242.6,222914.97,0.74,0.5,0.33,30332.67
590,9,0.76,230.9,65460.89,72.19,6241.64,222924.36,0.74,0.5,0.33,30331.39
600,9,0.76,230.86,65388.7,72.19,6240.69,222933.76,0.74,0.5,0.33,30330.11
610,9,0.76,230.82,65316.5,72.2,6239.73,222943.16,0.74,0.5,0.33,30328.83
620,9,0.76,230.78,65244.31,72.2,6238.78,222952.58,0.74,0.5,0.33,30327.55
630,9,0.76,230.74,65172.1,72.2,6237.82,222961.99,0.74,0.5,0.33,30326.27
640,9,0.76,230.7,65099.9,72.21,6236.87,222971.42,0.74,0.5,0.33,30324.99
650,9,0.76,230.66,65027.69,72.21,6235.91,222980.85,0.74,0.5,0.33,30323.7
660,9,0.76,230.62,64955.48,72.21,6234.96,222990.28,0.74,0.5,0.33,30322.42
670,9,0.76,230.58,64883.26,72.21,6234.01,222999.73,0.74,0.5,0.33,30321.14
680,9,0.76,230.54,64811.04,72.22,6233.05,223009.18,0.74,0.5,0.33,30319.85
690,9,0.76,230.5,64738.82,72.22,6232.1,223018.63,0.74,0.5,0.33,30318.56
700,9,0.76,230.46,64666.6,72.22,6231.15,223028.1,0.74,0.5,0.33,30317.28
710,9,0.76,230.42,64594.37,72.23,6230.2,223037.57,0.74,0.5,0.33,30315.99
720,9,0.76,230.38,64522.14,72.23,6229.24,223047.04,0.74,0.5,0.33,30314.7
730,9,0.76,230.35,64449.91,72.23,6228.29,223056.53,0.74,0.5,0.33,30313.41
740,9,0.76,230.31,64377.67,72.24,6227.34,223066.01,0.74,0.5,0.33,30312.12
750,9,0.76,230.27,64305.43,72.24,6226.39,223075.51,0.74,0.5,0.33,30310.83
760,9,0.76,230.23,64233.19,72.24,6225.44,223085.01,0.74,0.5,0.33,30309.54
770,9,0.76,230.19,64160.94,72.25,6224.49,223094.52,0.74,0.5,0.33,30308.25
780,9,0.76,230.15,64088.69,72.25,6223.54,223104.04,0.74,0.5,0.33,30306.96
790,9,0.76,230.11,64016.44,72.25,6222.59,223113.56,0.74,0.5,0.33,30305.66
800,9,0.76,230.07,63944.19,72.25,6221.64,223123.09,0.74,0.5,0.33,30304.37
810,9,0.76,230.03,63871.93,72.26,6220.69,223132.62,0.74,0.5,0.33,30303.07
820,9,0.76,229.99,63799.67,72.26,6219.74,223142.17,0.74,0.5,0.33,30301.78
830,9,0.76,229.95,63727.4,72.26,6218.79,223151.72,0.74,0.5,0.33,30300.48
840,9,0.76,229.91,63655.14,72.27,6217.84,223161.27,0.74,0.5,0.33,30299.18
850,9,0.76,229.87,63582.87,72.27,6216.89,223170.83,0.74,0.5,0.33,30297.88
860,9,0.76,229.83,63510.59,72.27,6215.94,223180.4,0.74,0.5,0.33,30296.59
870,9,0.76,229.79,63438.32,72.28,6215.0,223189.98,0.74,0.5,0.33,30295.29
880,9,0.76,229.75,63366.04,72.28,6214.05,223199.56,0.74,0.5,0.33,30293.98
890,9,0.76,229.71,63293.75,72.28,6213.1,223209.15,0.74,0.5,0.33,30292.68
900,9,0.76,229.67,63221.47,72.29,6212.15,223218.74,0.74,0.5,0.33,30291.38
910,9,0.76,229.63,63149.18,72.29,6211.21,223228.35,0.74,0.5,0.33,30290.08
920,9,0.76,229.59,63076.89,72.29,6210.26,223237.95,0.74,0.5,0.33,30288.77
930,9,0.76,229.55,63004.59,72.3,6209.31,223247.57,0.74,0.5,0.33,30287.47
940,9,0.76,229.51,62932.29,72.3,6208.37,223257.19,0.74,0.5,0.33,30286.16
950,9,0.76,229.47,62859.99,72.3,6207.42,223266.82,0.74,0.5,0.33,30284.86
960,9,0.76,229.43,62787.69,72.3,6206.47,223276.46,0.74,0.5,0.33,30283.55
970,9,0.76,229.39,62715.38,72.31,6205.53,223286.1,0.74,0.5,0.33,30282.24
980,9,0.76,229.35,62643.07,72.31,6204.58,223295.75,0.74,0.5,0.33,30280.93
990,9,0.75,229.31,62570.76,72.31,6203.64,223305.4,0.74,0.5,0.33,30279.62
1000,9,0.75,229.27,62498.44,72.32,6202.69,223315.07,0.74,0.5,0.33,30278.31
1010,9,0.75,229.24,62426.12,72.32,6201.75,223324.74,0.74,0.5,0.33,30277.0
1020,9,0.75,229.2,62353.79,72.32,6200.81,223334.41,0.74,0.5,0.33,30275.69
1030,9,0.75,229.16,62281.47,72.33,6199.86,223344.1,0.74,0.5,0.33,30274.38
1040,9,0.75,229.12,62209.14,72.33,6198.92,223353.79,0.74,0.5,0.33,30273.06
1050,9,0.75,229.08,62136.81,72.33,6197.98,223363.48,0.74,0.5,0.33,30271.75
1060,9,0.75,229.04,62064.47,72.34,6197.03,223373.19,0.74,0.5,0.33,30270.43
1070,9,0.75,229.0,61992.13,72.34,6196.09,223382.9,0.74,0.5,0.33,30269.12
1080,9,0.75,228.96,61919.79,72.34,6195.15,223392.61,0.74,0.5,0.33,30267.8
1090,9,0.75,228.92,61847.44,72.35,6194.21,223402.34,0.74,0.5,0.33,30266.48
1100,9,0.75,228.88,61775.1,72.35,6193.26,223412.07,0.74,0.5,0.33,30265.16
1110,9,0.75,228.84,61702.74,72.35,6192.32,223421.81,0.74,0.5,0.33,30263.84
1120,9,0.75,228.8,61630.39,72.35,6191.38,223431.55,0.74,0.5,0.33,30262.52
1130,9,0.75,228.76,61558.03,72.36,6190.44,223441.3,0.74,0.5,0.33,30261.2
1140,9,0.75,228.72,61485.67,72.36,6189.5,223451.06,0.74,0.5,0.33,30259.88
1150,9,0.75,228.68,61413.31,72.36,6188.56,223460.83,0.74,0.5,0.33,30258.56
1160,9,0.75,228.64,61340.94,72.37,6187.62,223470.6,0.74,0.5,0.33,30257.24
1170,9,0.75,228.6,61268.57,72.37,6186.68,223480.38,0.74,0.5,0.33,30255.91
1180,9,0.75,228.56,61196.19,72.37,6185.74,223490.16,0.74,0.5,0.33,30254.59
1190,9,0.75,228.52,61123.82,72.38,6184.8,223499.95,0.74,0.5,0.33,30253.26
1200,9,0.75,228.48,61051.44,72.38,6183.86,223509.75,0.74,0.5,0.33,30251.93
1210,9,0.75,228.44,60979.05,72.38,6182.92,223519.56,0.74,0.5,0.33,30250.61
1220,9,0.75,228.4,60906.67,72.39,6181.98,223529.37,0.74,0.5,0.33,30249.28
1230,9,0.75,228.36,60834.28,72.39,6181.04,223539.19,0.74,0.5,0.33,30247.95
1240,9,0.75,228.32,60761.88,72.39,6180.11,223549.02,0.74,0.5,0.33,30246.62
1250,9,0.75,228.28,60689.49,72.4,6179.17,223558.85,0.74,0.5,0.33,30245.29
1260,9,0.75,228.24,60617.09,72.4,6178.23,223568.7,0.74,0.5,0.33,30243.96
1270,9,0.75,228.2,60544.69,72.4,6177.29,223578.54,0.74,0.5,0.33,30242.62
1280,9,0.75,228.16,60472.28,72.41,6176.36,223588.4,0.74,0.5,0.33,30241.29
1290,9,0.75,228.12,60399.87,72.41,6175.42,223598.26,0.73,0.5,0.33,30239.96
1300,9,0.75,228.08,60327.46,72.41,6174.48,223608.13,0.73,0.5,0.33,30238.62
1310,9,0.75,228.04,60255.05,72.42,6173.55,223618.01,0.73,0.5,0.33,30237.29
1320,9,0.75,228.0,60182.63,72.42,6172.61,223627.89,0.73,0.5,0.33,30235.95
1330,9,0.75,227.96,60110.21,72.42,6171.67,223637.78,0.73,0.5,0.33,30234.61
1340,9,0.75,227.92,60037.78,72.42,6170.74,223647.68,0.73,0.5,0.33,30233.28
1350,9,0.75,227.88,59965.35,72.43,6169.8,223657.58,0.73,0.5,0.33,30231.94
1360,9,0.75,227.84,59892.92,72.43,6168.87,223667.49,0.73,0.5,0.33,30230.6
1370,9,0.75,227.8,59820.49,72.43,6167.93,223677.41,0.73,0.5,0.33,30229.26
1380,9,0.75,227.76,59748.05,72.44,6167.0,223687.33,0.73,0.5,0.33,30227.91
1390,9,0.75,227.72,59675.61,72.44,6166.07,223697.27,0.73,0.5,0.33,30226.57
1400,9,0.75,227.68,59603.16,72.44,6165.13,223707.2,0.73,0.5,0.33,30225.23
1410,9,0.75,227.64,59530.72,72.45,6164.2,223717.15,0.73,0.5,0.33,30223.88
1420,9,0.75,227.6,59458.27,72.45,6163.27,223727.1,0.73,0.5,0.33,30222.54
1430,9,0.75,227.56,59385.81,72.45,6162.33,223737.06,0.73,0.5,0.33,30221.19
1440,9,0.75,227.52,59313.36,72.46,6161.4,223747.03,0.73,0.5,0.33,30219.85
1450,9,0.75,227.48,59240.9,72.46,6160.47,223757.01,0.73,0.5,0.33,30218.5
1460,9,0.75,227.44,59168.43,72.46,6159.53,223766.99,0.73,0.5,0.33,30217.15
1470,9,0.75,227.4,59095.97,72.47,6158.6,223776.98,0.73,0.5,0.33,30215.8
1480,9,0.75,227.36,59023.5,72.47,6157.67,223786.97,0.73,0.5,0.33,30214.45
1490,9,0.75,227.32,58951.02,72.47,6156.74,223796.98,0.73,0.5,0.33,30213.1
1500,9,0.75,227.28,58878.55,72.48,6155.81,223806.99,0.73,0.5,0.33,30211.75
1510,9,0.75,227.24,58806.07,72.48,6154.88,223817.0,0.73,0.5,0.33,30210.4
1520,9,0.75,227.2,58733.58,72.48,6153.95,223827.03,0.73,0.5,0.33,30209.05
1530,9,0.75,227.16,58661.1,72.49,6153.02,223837.06,0.73,0.5,0.33,30207.69
1540,9,0.75,227.12,58588.61,72.49,6152.09,223847.1,0.73,0.5,0.33,30206.34
1550,9,0.75,227.08,58516.12,72.49,6151.16,223857.14,0.73,0.5,0.33,30204.98
1560,9,0.75,227.04,58443.62,72.5,6150.23,223867.2,0.73,0.5,0.33,30203.62
1570,9,0.75,227.0,58371.12,72.5,6149.3,223877.26,0.73,0.5,0.33,30202.27
1580,9,0.75,226.95,58298.62,72.5,6148.37,223887.32,0.73,0.5,0.33,30200.91
1590,9,0.75,226.91,58226.11,72.51,6147.44,223897.4,0.73,0.5,0.33,30199.55
1600,9,0.75,226.87,58153.6,72.51,6146.51,223907.48,0.73,0.5,0.33,30198.19
1610,9,0.75,226.83,58081.09,72.51,6145.58,223917.57,0.73,0.5,0.33,30196.83
1620,9,0.75,226.79,58008.58,72.52,6144.66,223927.67,0.73,0.5,0.33,30195.47
1630,9,0.75,226.75,57936.06,72.52,6143.73,223937.77,0.73,0.5,0.33,30194.1
1640,9,0.75,226.71,57863.54,72.52,6142.8,223947.88,0.73,0.5,0.33,30192.74
1650,9,0.75,226.67,57791.01,72.53,6141.87,223958.0,0.73,0.5,0.33,30191.38
1660,9,0.75,226.63,57718.48,72.53,6140.95,223968.12,0.73,0.5,0.33,30190.01
1670,9,0.75,226.59,57645.95,72.53,6140.02,223978.26,0.73,0.5,0.33,30188.64
1680,9,0.75,226.55,57573.42,72.54,6139.09,223988.4,0.73,0.5,0.33,30187.28
1690,9,0.75,226.51,57500.88,72.54,6138.17,223998.54,0.73,0.5,0.33,30185.91
1700,9,0.75,226.47,57428.34,72.54,6137.24,224008.7,0.73,0.5,0.33,30184.54
1710,9,0.75,226.43,57355.79,72.54,6136.32,224018.86,0.73,0.5,0.33,30183.17
1720,9,0.75,226.39,57283.24,72.55,6135.39,224029.03,0.73,0.5,0.33,30181.8
1730,9,0.75,226.35,57210.69,72.55,6134.47,224039.2,0.73,0.5,0.33,30180.43
1740,9,0.75,226.31,57138.14,72.55,6133.54,224049.39,0.73,0.5,0.33,30179.06
1750,9,0.74,226.27,57065.58,72.56,6132.62,224059.58,0.73,0.5,0.33,30177.69
1760,9,0.74,226.23,56993.02,72.56,6131.69,224069.78,0.73,0.5,0.33,30176.31
1770,9,0.74,226.19,56920.45,72.56,6130.77,224079.98,0.73,0.5,0.33,30174.94
1780,9,0.74,226.15,56847.88,72.57,6129.85,224090.19,0.73,0.5,0.33,30173.56
1790,9,0.74,226.11,56775.31,72.57,6128.92,224100.41,0.73,0.5,0.33,30172.19
1800,9,0.74,226.07,56702.74,72.57,6128.0,224110.64,0.73,0.5,0.33,30170.81
1810,9,0.74,226.03,56630.16,72.58,6127.08,224120.88,0.73,0.5,0.33,30169.43
1820,9,0.74,225.99,56557.58,72.58,6126.16,224131.12,0.73,0.5,0.33,30168.05
1830,9,0.74,225.95,56484.99,72.58,6125.23,224141.37,0.73,0.5,0.33,30166.67
1840,9,0.74,225.91,56412.41,72.59,6124.31,224151.63,0.73,0.5,0.33,30165.29
1850,9,0.74,225.86,56339.81,72.59,6123.39,224161.89,0.73,0.5,0.33,30163.91
1860,9,0.74,225.82,56267.22,72.59,6122.47,224172.16,0.73,0.5,0.33,30162.53
1870,9,0.74,225.78,56194.62,72.6,6121.55,224182.44,0.73,0.5,0.33,30161.14
1880,9,0.74,225.74,56122.02,72.6,6120.63,224192.73,0.73,0.5,0.33,30159.76
1890,9,0.74,225.7,56049.42,72.6,6119.71,224203.02,0.73,0.5,0.33,30158.38
1900,9,0.74,225.66,55976.81,72.61,6118.79,224213.33,0.73,0.5,0.33,30156.99
1910,9,0.74,225.62,55904.2,72.61,6117.87,224223.63,0.73,0.5,0.33,30155.6
1920,9,0.74,225.58,55831.58,72.61,6116.95,224233.95,0.73,0.5,0.33,30154.21
1930,9,0.74,225.54,55758.96,72.62,6116.03,224244.28,0.73,0.5,0.33,30152.83
1940,9,0.74,225.5,55686.34,72.62,6115.11,224254.61,0.73,0.5,0.33,30151.44
1950,9,0.74,225.46,55613.72,72.62,6114.19,224264.95,0.73,0.5,0.33,30150.05
1960,9,0.74,225.42,55541.09,72.63,6113.27,224275.29,0.73,0.5,0.33,30148.66
1970,9,0.74,225.38,55468.46,72.63,6112.35,224285.65,0.73,0.5,0.33,30147.26
1980,9,0.74,225.34,55395.82,72.63,6111.43,224296.01,0.73,0.5,0.33,30145.87
1990,9,0.74,225.3,55323.19,72.64,6110.52,224306.38,0.73,0.5,0.33,30144.48
2000,9,0.74,225.26,55250.54,72.64,6109.6,224316.75,0.73,0.5,0.33,30143.08
2010,9,0.74,225.22,55177.9,72.64,6108.68,224327.14,0.73,0.5,0.33,30141.69
2020,9,0.74,225.17,55105.25,72.65,6107.77,224337.53,0.73,0.5,0.33,30140.29
2030,9,0.74,225.13,55032.6,72.65,6106.85,224347.93,0.73,0.5,0.33,30138.89
2040,9,0.74,225.09,54959.94,72.65,6105.93,224358.34,0.73,0.5,0.33,30137.49
2050,9,0.74,225.05,54887.29,72.66,6105.02,224368.75,0.73,0.5,0.33,30136.1
2060,9,0.74,225.01,54814.63,72.66,6104.1,224379.17,0.73,0.5,0.33,30134.7
2070,9,0.74,224.97,54741.96,72.67,6103.18,224389.6,0.73,0.5,0.33,30133.29
2080,9,0.74,224.93,54669.29,72.67,6102.27,224400.04,0.73,0.5,0.33,30131.89
2090,9,0.74,224.89,54596.62,72.67,6101.35,224410.48,0.73,0.5,0.33,30130.49
2100,9,0.74,224.85,54523.94,72.68,6100.44,224420.94,0.73,0.5,0.33,30129.09
2110,9,0.74,224.81,54451.27,72.68,6099.53,224431.4,0.73,0.5,0.33,30127.68
2120,9,0.74,224.77,54378.58,72.68,6098.61,224441.86,0.73,0.5,0.33,30126.28
2130,9,0.74,224.73,54305.9,72.69,6097.7,224452.34,0.73,0.5,0.33,30124.87
2140,9,0.74,224.69,54233.21,72.69,6096.78,224462.82,0.73,0.5,0.33,30123.46
2150,9,0.74,224.65,54160.52,72.69,6095.87,224473.31,0.73,0.5,0.33,30122.06
2160,9,0.74,224.6,54087.82,72.7,6094.96,224483.81,0.73,0.5,0.33,30120.65
2170,9,0.74,224.56,54015.12,72.7,6094.04,224494.32,0.73,0.5,0.33,30119.24
2180,9,0.74,224.52,53942.42,72.7,6093.13,224504.83,0.73,0.5,0.33,30117.83
2190,9,0.74,224.48,53869.72,72.71,6092.22,224515.35,0.73,0.5,0.33,30116.41
2200,9,0.74,224.44,53797.01,72.71,6091.31,224525.88,0.73,0.5,0.33,30115.0
2210,9,0.74,224.4,53724.29,72.71,6090.4,224536.42,0.73,0.5,0.33,30113.59
2220,9,0.74,224.36,53651.58,72.72,6089.48,224546.96,0.73,0.5,0.33,30112.17
2230,9,0.74,224.32,53578.86,72.72,6088.57,224557.51,0.73,0.5,0.33,30110.76
2240,9,0.74,224.28,53506.14,72.72,6087.66,224568.07,0.73,0.5,0.33,30109.34
2250,9,0.74,224.24,53433.41,72.73,6086.75,224578.64,0.73,0.5,0.33,30107.93
2260,9,0.74,224.2,53360.68,72.73,6085.84,224589.22,0.73,0.5,0.33,30106.51
2270,9,0.74,224.16,53287.95,72.73,6084.93,224599.8,0.73,0.5,0.33,30105.09
2280,9,0.74,224.11,53215.21,72.74,6084.02,224610.39,0.73,0.5,0.33,30103.67
2290,9,0.74,224.07,53142.47,72.74,6083.11,224620.99,0.73,0.5,0.33,30102.25
2300,9,0.74,224.03,53069.73,72.74,6082.2,224631.59,0.73,0.5,0.33,30100.83
2310,9,0.74,223.99,52996.98,72.75,6081.29,224642.21,0.73,0.5,0.33,30099.4
2320,9,0.74,223.95,52924.23,72.75,6080.39,224652.83,0.73,0.5,0.33,30097.98
2330,9,0.74,223.91,52851.48,72.75,6079.48,224663.46,0.73,0.5,0.33,30096.56
2340,9,0.74,223.87,52778.72,72.76,6078.57,224674.1,0.73,0.5,0.33,30095.13
2350,9,0.74,223.83,52705.96,72.76,6077.66,224684.74,0.73,0.5,0.33,30093.71
2360,9,0.74,223.79,52633.19,72.76,6076.75,224695.4,0.73,0.5,0.33,30092.28
2370,9,0.74,223.75,52560.43,72.77,6075.85,224706.06,0.73,0.5,0.33,30090.85
2380,9,0.74,223.71,52487.66,72.77,6074.94,224716.73,0.73,0.5,0.33,30089.42
2390,9,0.74,223.66,52414.88,72.77,6074.03,224727.4,0.73,0.5,0.33,30087.99
2400,9,0.74,223.62,52342.1,72.78,6073.13,224738.09,0.73,0.5,0.33,30086.56
2410,9,0.74,223.58,52269.32,72.78,6072.22,224748.78,0.73,0.5,0.33,30085.13
2420,9,0.74,223.54,52196.54,72.78,6071.31,224759.48,0.73,0.5,0.33,30083.7
2430,9,0.74,223.5,52123.75,72.79,6070.41,224770.19,0.73,0.5,0.33,30082.26
2440,9,0.74,223.46,52050.96,72.79,6069.5,224780.91,0.73,0.5,0.33,30080.83
2450,9,0.74,223.42,51978.16,72.8,6068.6,224791.63,0.73,0.5,0.33,30079.39
2460,9,0.74,223.38,51905.36,72.8,6067.69,224802.36,0.73,0.5,0.33,30077.96
2470,9,0.74,223.34,51832.56,72.8,6066.79,224813.1,0.73,0.5,0.33,30076.52
2480,9,0.74,223.29,51759.76,72.81,6065.88,224823.85,0.73,0.5,0.33,30075.08
2490,9,0.73,223.25,51686.95,72.81,6064.98,224834.61,0.73,0.5,0.33,30073.64
2500,9,0.73,223.21,51614.13,72.81,6064.08,224845.37,0.73,0.5,0.33,30072.2
2510,9,0.73,223.17,51541.32,72.82,6063.17,224856.14,0.73,0.5,0.33,30070.76
2520,9,0.73,223.13,51468.5,72.82,6062.27,224866.92,0.73,0.5,0.33,30069.32
2530,9,0.73,223.09,51395.67,72.82,6061.37,224877.71,0.73,0.5,0.33,30067.88
2540,9,0.73,223.05,51322.85,72.83,6060.46,224888.5,0.73,0.5,0.33,30066.43
2550,9,0.73,223.01,51250.02,72.83,6059.56,224899.31,0.73,0.5,0.33,30064.99
2560,9,0.73,222.97,51177.18,72.83,6058.66,224910.12,0.73,0.5,0.33,30063.54
2570,9,0.73,222.92,51104.35,72.84,6057.76,224920.94,0.73,0.5,0.33,30062.1
2580,9,0.73,222.88,51031.51,72.84,6056.86,224931.77,0.73,0.5,0.33,30060.65
2590,9,0.73,222.84,50958.66,72.84,6055.96,224942.6,0.73,0.5,0.33,30059.2
2600,9,0.73,222.8,50885.82,72.85,6055.06,224953.45,0.73,0.5,0.33,30057.75
2610,9,0.73,222.76,50812.96,72.85,6054.15,224964.3,0.73,0.5,0.33,30056.3
2620,9,0.73,222.72,50740.11,72.85,6053.25,224975.16,0.73,0.5,0.33,30054.85
2630,9,0.73,222.68,50667.25,72.86,6052.35,224986.03,0.73,0.5,0.33,30053.4
2640,9,0.73,222.64,50594.39,72.86,6051.45,224996.9,0.73,0.5,0.33,30051.95
2650,9,0.73,222.6,50521.52,72.87,6050.55,225007.79,0.73,0.5,0.33,30050.49
2660,9,0.73,222.55,50448.66,72.87,6049.66,225018.68,0.73,0.5,0.33,30049.04
2670,9,0.73,222.51,50375.78,72.87,6048.76,225029.58,0.73,0.5,0.33,30047.58
2680,9,0.73,222.47,50302.91,72.88,6047.86,225040.49,0.73,0.5,0.33,30046.13
2690,9,0.73,222.43,50230.03,72.88,6046.96,225051.41,0.73,0.5,0.33,30044.67
2700,9,0.73,222.39,50157.15,72.88,6046.06,225062.33,0.73,0.5,0.33,30043.21
2710,9,0.73,222.35,50084.26,72.89,6045.16,225073.26,0.73,0.5,0.33,30041.75
2720,9,0.73,222.31,50011.37,72.89,6044.27,225084.21,0.73,0.5,0.33,30040.29
2730,9,0.73,222.26,49938.48,72.89,6043.37,225095.15,0.73,0.5,0.33,30038.83
2740,9,0.73,222.22,49865.58,72.9,6042.47,225106.11,0.73,0.5,0.33,30037.36
2750,9,0.73,222.18,49792.68,72.9,6041.58,225117.08,0.73,0.5,0.33,30035.9
2760,9,0.73,222.14,49719.77,72.9,6040.68,225128.05,0.73,0.5,0.33,30034.44
2770,9,0.73,222.1,49646.87,72.91,6039.78,225139.03,0.73,0.5,0.33,30032.97
2780,9,0.73,222.06,49573.95,72.91,6038.89,225150.02,0.73,0.5,0.33,30031.51
2790,9,0.73,222.02,49501.04,72.91,6037.99,225161.02,0.73,0.5,0.33,30030.04
2800,9,0.73,221.98,49428.12,72.92,6037.1,225172.03,0.73,0.5,0.33,30028.57
2810,9,0.73,221.93,49355.2,72.92,6036.2,225183.04,0.73,0.5,0.33,30027.1
2820,9,0.73,221.89,49282.27,72.93,6035.31,225194.07,0.73,0.5,0.33,30025.63
2830,9,0.73,221.85,49209.34,72.93,6034.41,225205.1,0.73,0.5,0.33,30024.16
2840,9,0.73,221.81,49136.41,72.93,6033.52,225216.14,0.73,0.5,0.33,30022.69
2850,9,0.73,221.77,49063.48,72.94,6032.62,225227.19,0.73,0.5,0.33,30021.21
2860,9,0.73,221.73,48990.54,72.94,6031.73,225238.24,0.73,0.5,0.33,30019.74
2870,9,0.73,221.69,48917.59,72.94,6030.84,225249.31,0.73,0.5,0.33,30018.27
2880,9,0.73,221.64,48844.65,72.95,6029.94,225260.38,0.73,0.5,0.33,30016.79
2890,9,0.73,221.6,48771.69,72.95,6029.05,225271.46,0.73,0.5,0.33,30015.31
2900,9,0.73,221.56,48698.74,72.95,6028.16,225282.55,0.73,0.5,0.33,30013.84
2910,9,0.73,221.52,48625.78,72.96,6027.27,225293.65,0.73,0.5,0.33,30012.36
2920,9,0.73,221.48,48552.82,72.96,6026.37,225304.76,0.73,0.5,0.33,30010.88
2930,9,0.73,221.44,48479.86,72.96,6025.48,225315.87,0.73,0.5,0.33,30009.4
2940,9,0.73,221.39,48406.89,72.97,6024.59,225326.99,0.73,0.5,0.33,30007.92
2950,9,0.73,221.35,48333.92,72.97,6023.7,225338.13,0.73,0.5,0.33,30006.43
2960,9,0.73,221.31,48260.94,72.98,6022.81,225349.27,0.73,0.5,0.33,30004.95
2970,9,0.73,221.27,48187.96,72.98,6021.92,225360.41,0.73,0.5,0.33,30003.46
2980,9,0.73,221.23,48114.98,72.98,6021.03,225371.57,0.73,0.5,0.33,30001.98
2990,9,0.73,221.19,48041.99,72.99,6020.14,225382.73,0.73,0.5,0.33,30000.49
3000,9,0.73,221.15,47969.0,72.99,6019.25,225393.91,0.73,0.5,0.33,29999.0
3010,9,0.73,221.1,47896.01,72.99,6018.36,225405.09,0.73,0.5,0.33,29997.52
3020,9,0.73,221.06,47823.01,73.0,6017.47,225416.28,0.73,0.5,0.33,29996.03
3030,9,0.73,221.02,47750.01,73.0,6016.58,225427.48,0.73,0.5,0.33,29994.54
3040,9,0.73,220.98,47677.0,73.0,6015.69,225438.69,0.73,0.5,0.33,29993.05
3050,9,0.73,220.94,47603.99,73.01,6014.81,225449.9,0.73,0.5,0.33,29991.55
3060,9,0.73,220.9,47530.98,73.01,6013.92,225461.13,0.73,0.5,0.33,29990.06
3070,9,0.73,220.85,47457.97,73.02,6013.03,225472.36,0.73,0.5,0.33,29988.57
3080,9,0.73,220.81,47384.95,73.02,6012.14,225483.6,0.73,0.5,0.33,29987.07
3090,9,0.73,220.77,47311.92,73.02,6011.26,225494.85,0.73,0.5,0.32,29985.57
3100,9,0.73,220.73,47238.9,73.03,6010.37,225506.11,0.73,0.5,0.32,29984.08
3110,9,0.73,220.69,47165.87,73.03,6009.48,225517.37,0.73,0.5,0.32,29982.58
3120,9,0.73,220.65,47092.83,73.03,6008.6,225528.65,0.73,0.5,0.32,29981.08
3130,9,0.73,220.6,47019.8,73.04,6007.71,225539.93,0.73,0.5,0.32,29979.58
3140,9,0.73,220.56,46946.76,73.04,6006.82,225551.23,0.73,0.5,0.32,29978.08
3150,9,0.73,220.52,46873.71,73.04,6005.94,225562.53,0.73,0.5,0.32,29976.58
3160,9,0.73,220.48,46800.66,73.05,6005.05,225573.84,0.73,0.5,0.32,29975.07
3170,9,0.73,220.44,46727.61,73.05,6004.17,225585.15,0.73,0.5,0.32,29973.57
3180,9,0.73,220.4,46654.55,73.06,6003.28,225596.48,0.73,0.5,0.32,29972.06
3190,9,0.73,220.35,46581.49,73.06,6002.4,225607.82,0.73,0.5,0.32,29970.56
3200,9,0.73,220.31,46508.43,73.06,6001.52,225619.16,0.73,0.5,0.32,29969.05
3210,9,0.73,220.27,46435.36,73.07,6000.63,225630.51,0.73,0.5,0.32,29967.54
3220,9,0.72,220.23,46362.29,73.07,5999.75,225641.87,0.73,0.5,0.32,29966.03
3230,9,0.72,220.19,46289.22,73.07,5998.87,225653.24,0.73,0.5,0.32,29964.52
3240,9,0.72,220.14,46216.14,73.08,5997.98,225664.62,0.73,0.5,0.32,29963.01
3250,9,0.72,220.1,46143.06,73.08,5997.1,225676.01,0.73,0.5,0.32,29961.5
3260,9,0.72,220.06,46069.97,73.09,5996.22,225687.4,0.73,0.5,0.32,29959.99
3270,9,0.72,220.02,45996.89,73.09,5995.34,225698.81,0.73,0.5,0.32,29958.47
3280,9,0.72,219.98,45923.79,73.09,5994.45,225710.22,0.73,0.5,0.32,29956.96
3290,9,0.72,219.94,45850.7,73.1,5993.57,225721.64,0.73,0.5,0.32,29955.44
3300,9,0.72,219.89,45777.6,73.1,5992.69,225733.07,0.73,0.5,0.32,29953.92
3310,9,0.72,219.85,45704.49,73.1,5991.81,225744.51,0.73,0.5,0.32,29952.41
3320,9,0.72,219.81,45631.39,73.11,5990.93,225755.96,0.73,0.5,0.32,29950.89
3330,9,0.72,219.77,45558.27,73.11,5990.05,225767.42,0.73,0.5,0.32,29949.37
3340,9,0.72,219.73,45485.16,73.11,5989.17,225778.88,0.73,0.5,0.32,29947.85
3350,9,0.72,219.68,45412.04,73.12,5988.29,225790.36,0.73,0.5,0.32,29946.32
3360,9,0.72,219.64,45338.92,73.12,5987.41,225801.84,0.73,0.5,0.32,29944.8
3370,9,0.72,219.6,45265.79,73.13,5986.53,225813.33,0.73,0.5,0.32,29943.28
3380,9,0.72,219.56,45192.66,73.13,5985.65,225824.83,0.73,0.5,0.32,29941.75
3390,9,0.72,219.52,45119.53,73.13,5984.78,225836.34,0.73,0.5,0.32,29940.22
3400,9,0.72,219.47,45046.39,73.14,5983.9,225847.86,0.73,0.5,0.32,29938.7
3410,9,0.72,219.43,44973.25,73.14,5983.02,225859.39,0.73,0.5,0.32,29937.17
3420,9,0.72,219.39,44900.11,73.14,5982.14,225870.93,0.73,0.5,0.32,29935.64
3430,9,0.72,219.35,44826.96,73.15,5981.26,225882.47,0.73,0.5,0.32,29934.11
3440,9,0.72,219.31,44753.81,73.15,5980.39,225894.02,0.73,0.5,0.32,29932.58
3450,9,0.72,219.26,44680.65,73.16,5979.51,225905.59,0.73,0.5,0.32,29931.05
3460,9,0.72,219.22,44607.49,73.16,5978.63,225917.16,0.73,0.5,0.32,29929.51
3470,9,0.72,219.18,44534.33,73.16,5977.76,225928.74,0.73,0.5,0.32,29927.98
3480,9,0.72,219.14,44461.16,73.17,5976.88,225940.33,0.73,0.5,0.32,29926.44
3490,9,0.72,219.1,44387.99,73.17,5976.01,225951.93,0.73,0.5,0.32,29924.91
3500,9,0.72,219.05,44314.81,73.17,5975.13,225963.53,0.73,0.5,0.32,29923.37
3510,9,0.72,219.01,44241.63,73.18,5974.25,225975.15,0.73,0.5,0.32,29921.83
3520,9,0.72,218.97,44168.45,73.18,5973.38,225986.77,0.73,0.5,0.32,29920.29
3530,9,0.72,218.93,44095.27,73.19,5972.51,225998.41,0.73,0.5,0.32,29918.75
3540,9,0.72,218.88,44022.08,73.19,5971.63,226010.05,0.73,0.5,0.32,29917.21
3550,9,0.72,218.84,43948.88,73.19,5970.76,226021.7,0.73,0.5,0.32,29915.67
3560,9,0.72,218.8,43875.69,73.2,5969.88,226033.36,0.73,0.5,0.32,29914.12
3570,9,0.72,218.76,43802.48,73.2,5969.01,226045.03,0.73,0.5,0.32,29912.58
3580,9,0.72,218.72,43729.28,73.2,5968.14,226056.71,0.73,0.5,0.32,29911.03
3590,9,0.72,218.67,43656.07,73.21,5967.26,226068.4,0.73,0.5,0.32,29909.49
3600,9,0.72,218.63,43582.86,73.21,5966.39,226080.1,0.73,0.5,0.32,29907.94
3610,9,0.72,218.59,43509.64,73.22,5965.52,226091.8,0.73,0.5,0.32,29906.39
3620,9,0.72,218.55,43436.42,73.22,5964.65,226103.52,0.73,0.5,0.32,29904.84
3630,9,0.72,218.51,43363.2,73.22,5963.78,226115.24,0.73,0.5,0.32,29903.29
3640,9,0.72,218.46,43289.97,73.23,5962.91,226126.97,0.73,0.5,0.32,29901.74
3650,9,0.72,218.42,43216.74,73.23,5962.03,226138.72,0.73,0.5,0.32,29900.18
3660,9,0.72,218.38,43143.5,73.24,5961.16,226150.47,0.73,0.5,0.32,29898.63
3670,9,0.72,218.34,43070.27,73.24,5960.29,226162.23,0.73,0.5,0.32,29897.08
3680,9,0.72,218.29,42997.02,73.24,5959.42,226174.0,0.73,0.5,0.32,29895.52
3690,9,0.72,218.25,42923.78,73.25,5958.55,226185.78,0.73,0.5,0.32,29893.96
3700,9,0.72,218.21,42850.52,73.25,5957.68,226197.56,0.73,0.5,0.32,29892.4
3710,9,0.72,218.17,42777.27,73.25,5956.81,226209.36,0.73,0.5,0.32,29890.84
3720,9,0.72,218.12,42704.01,73.26,5955.94,226221.17,0.73,0.5,0.32,29889.28
3730,9,0.72,218.08,42630.75,73.26,5955.08,226232.98,0.73,0.5,0.32,29887.72
3740,9,0.72,218.04,42557.48,73.27,5954.21,226244.81,0.73,0.5,0.32,29886.16
3750,9,0.72,218.0,42484.22,73.27,5953.34,226256.64,0.73,0.5,0.32,29884.6
3760,9,0.72,217.96,42410.94,73.27,5952.47,226268.48,0.73,0.5,0.32,29883.03
3770,9,0.72,217.91,42337.66,73.28,5951.6,226280.34,0.73,0.5,0.32,29881.47
3780,9,0.72,217.87,42264.38,73.28,5950.74,226292.2,0.73,0.5,0.32,29879.9
3790,9,0.72,217.83,42191.1,73.28,5949.87,226304.07,0.73,0.5,0.32,29878.33
3800,9,0.72,217.79,42117.81,73.29,5949.0,226315.95,0.73,0.5,0.32,29876.77
3810,9,0.72,217.74,42044.52,73.29,5948.14,226327.84,0.73,0.5,0.32,29875.2
3820,9,0.72,217.7,41971.22,73.3,5947.27,226339.73,0.73,0.5,0.32,29873.62
3830,9,0.72,217.66,41897.92,73.3,5946.4,226351.64,0.73,0.5,0.32,29872.05
3840,9,0.72,217.62,41824.62,73.3,5945.54,226363.56,0.73,0.5,0.32,29870.48
3850,9,0.72,217.57,41751.31,73.31,5944.67,226375.48,0.73,0.5,0.32,29868.91
3860,9,0.72,217.53,41678.0,73.31,5943.81,226387.42,0.73,0.5,0.32,29867.33
3870,9,0.72,217.49,41604.68,73.32,5942.94,226399.36,0.73,0.5,0.32,29865.75
3880,9,0.72,217.45,41531.36,73.32,5942.08,226411.32,0.73,0.5,0.32,29864.18
3890,9,0.72,217.4,41458.04,73.32,5941.22,226423.28,0.73,0.5,0.32,29862.6
3900,9,0.72,217.36,41384.71,73.33,5940.35,226435.25,0.73,0.5,0.32,29861.02
3910,9,0.72,217.32,41311.38,73.33,5939.49,226447.24,0.73,0.5,0.32,29859.44
3920,9,0.72,217.28,41238.04,73.34,5938.63,226459.23,0.73,0.5,0.32,29857.86
3930,9,0.72,217.23,41164.7,73.34,5937.76,226471.23,0.73,0.5,0.32,29856.28
3940,9,0.71,217.19,41091.36,73.34,5936.9,226483.24,0.73,0.5,0.32,29854.69
3950,9,0.71,217.15,41018.01,73.35,5936.04,226495.26,0.73,0.5,0.32,29853.11
3960,9,0.71,217.11,40944.66,73.35,5935.18,226507.29,0.73,0.5,0.32,29851.52
3970,9,0.71,217.06,40871.31,73.35,5934.31,226519.33,0.73,0.5,0.32,29849.94
3980,9,0.71,217.02,40797.95,73.36,5933.45,226531.37,0.73,0.5,0.32,29848.35
3990,9,0.71,216.98,40724.59,73.36,5932.59,226543.43,0.73,0.5,0.32,29846.76
4000,9,0.71,216.94,40651.22,73.37,5931.73,226555.5,0.73,0.5,0.32,29845.17
4010,9,0.71,216.89,40577.85,73.37,5930.87,226567.58,0.73,0.5,0.32,29843.58
4020,9,0.71,216.85,40504.48,73.37,5930.01,226579.66,0.73,0.5,0.32,29841.99
4030,9,0.71,216.81,40431.1,73.38,5929.15,226591.76,0.73,0.5,0.32,29840.39
4040,9,0.71,216.76,40357.72,73.38,5928.29,226603.86,0.73,0.5,0.32,29838.8
4050,9,0.71,216.72,40284.33,73.39,5927.43,226615.98,0.73,0.5,0.32,29837.2
4060,9,0.71,216.68,40210.94,73.39,5926.57,226628.1,0.73,0.5,0.32,29835.61
4070,9,0.71,216.64,40137.55,73.39,5925.71,226640.23,0.73,0.5,0.32,29834.01
4080,9,0.71,216.59,40064.15,73.4,5924.85,226652.38,0.73,0.5,0.32,29832.41
4090,9,0.71,216.55,39990.75,73.4,5924.0,226664.53,0.73,0.5,0.32,29830.81
4100,9,0.71,216.51,39917.34,73.41,5923.14,226676.69,0.73,0.5,0.32,29829.21
4110,9,0.71,216.47,39843.93,73.41,5922.28,226688.86,0.72,0.5,0.32,29827.61
4120,9,0.71,216.42,39770.52,73.41,5921.42,226701.04,0.72,0.5,0.32,29826.0
4130,9,0.71,216.38,39697.1,73.42,5920.57,226713.24,0.72,0.5,0.32,29824.4
4140,9,0.71,216.34,39623.68,73.42,5919.71,226725.44,0.72,0.5,0.32,29822.8
4150,9,0.71,216.3,39550.25,73.43,5918.85,226737.65,0.72,0.5,0.32,29821.19
4160,9,0.71,216.25,39476.82,73.43,5918.0,226749.87,0.72,0.5,0.32,29819.58
4170,9,0.71,216.21,39403.39,73.43,5917.14,226762.1,0.72,0.5,0.32,29817.97
4180,9,0.71,216.17,39329.95,73.44,5916.29,226774.34,0.72,0.5,0.32,29816.36
4190,9,0.71,216.12,39256.51,73.44,5915.43,226786.58,0.72,0.5,0.32,29814.75
4200,9,0.71,216.08,39183.07,73.45,5914.58,226798.84,0.72,0.5,0.32,29813.14
4210,9,0.71,216.04,39109.62,73.45,5913.72,226811.11,0.72,0.5,0.32,29811.53
4220,9,0.71,216.0,39036.16,73.45,5912.87,226823.39,0.72,0.5,0.32,29809.91
4230,9,0.71,215.95,38962.71,73.46,5912.01,226835.68,0.72,0.5,0.32,29808.3
4240,9,0.71,215.91,38889.25,73.46,5911.16,226847.98,0.72,0.5,0.32,29806.68
4250,9,0.71,215.87,38815.78,73.47,5910.3,226860.28,0.72,0.5,0.32,29805.07
4260,9,0.71,215.82,38742.31,73.47,5909.45,226872.6,0.72,0.5,0.32,29803.45
4270,9,0.71,215.78,38668.84,73.47,5908.6,226884.93,0.72,0.5,0.32,29801.83
4280,9,0.71,215.74,38595.36,73.48,5907.75,226897.26,0.72,0.5,0.32,29800.21
4290,9,0.71,215.7,38521.88,73.48,5906.89,226909.61,0.72,0.5,0.32,29798.59
4300,9,0.71,215.65,38448.39,73.49,5906.04,226921.97,0.72,0.5,0.32,29796.96
4310,9,0.71,215.61,38374.91,73.49,5905.19,226934.33,0.72,0.5,0.32,29795.34
4320,9,0.71,215.57,38301.41,73.49,5904.34,226946.71,0.72,0.5,0.32,29793.71
4330,9,0.71,215.52,38227.92,73.5,5903.49,226959.09,0.72,0.5,0.32,29792.09
4340,9,0.71,215.48,38154.41,73.5,5902.64,226971.49,0.72,0.5,0.32,29790.46
4350,9,0.71,215.44,38080.91,73.51,5901.79,226983.9,0.72,0.5,0.32,29788.83
4360,9,0.71,215.39,38007.4,73.51,5900.94,226996.31,0.72,0.5,0.32,29787.2
4370,9,0.71,215.35,37933.89,73.51,5900.09,227008.74,0.72,0.5,0.32,29785.57
4380,9,0.71,215.31,37860.37,73.52,5899.24,227021.17,0.72,0.5,0.32,29783.94
4390,9,0.71,215.27,37786.85,73.52,5898.39,227033.62,0.72,0.5,0.32,29782.31
4400,9,0.71,215.22,37713.32,73.53,5897.54,227046.07,0.72,0.5,0.32,29780.67
4410,9,0.71,215.18,37639.79,73.53,5896.69,227058.54,0.72,0.5,0.32,29779.04
4420,9,0.71,215.14,37566.26,73.53,5895.84,227071.01,0.72,0.5,0.32,29777.4
4430,9,0.71,215.09,37492.72,73.54,5894.99,227083.5,0.72,0.5,0.32,29775.76
4440,9,0.71,215.05,37419.18,73.54,5894.15,227095.99,0.72,0.5,0.32,29774.13
4450,9,0.71,215.01,37345.64,73.55,5893.3,227108.5,0.72,0.5,0.32,29772.49
4460,9,0.71,214.96,37272.09,73.55,5892.45,227121.01,0.72,0.5,0.32,29770.84
4470,9,0.71,214.92,37198.53,73.55,5891.6,227133.54,0.72,0.5,0.32,29769.2
4480,9,0.71,214.88,37124.98,73.56,5890.76,227146.07,0.72,0.5,0.32,29767.56
4490,9,0.71,214.83,37051.41,73.56,5889.91,227158.62,0.72,0.5,0.32,29765.92
4500,9,0.71,214.79,36977.85,73.57,5889.06,227171.17,0.72,0.5,0.32,29764.27
4510,9,0.71,214.75,36904.28,73.57,5888.22,227183.74,0.72,0.5,0.32,29762.62
4520,9,0.71,214.7,36830.7,73.57,5887.37,227196.31,0.72,0.5,0.32,29760.98
4530,9,0.71,214.66,36757.13,73.58,5886.53,227208.9,0.72,0.5,0.32,29759.33
4540,9,0.71,214.62,36683.54,73.58,5885.68,227221.49,0.72,0.5,0.32,29757.68
4550,9,0.71,214.58,36609.96,73.59,5884.84,227234.1,0.72,0.5,0.32,29756.03
4560,9,0.71,214.53,36536.37,73.59,5884.0,227246.71,0.72,0.5,0.32,29754.37
4570,9,0.71,214.49,36462.77,73.59,5883.15,227259.34,0.72,0.5,0.32,29752.72
4580,9,0.71,214.45,36389.17,73.6,5882.31,227271.98,0.72,0.5,0.32,29751.07
4590,9,0.71,214.4,36315.57,73.6,5881.46,227284.62,0.72,0.5,0.32,29749.41
4600,9,0.71,214.36,36241.97,73.61,5880.62,227297.28,0.72,0.5,0.32,29747.75
4610,9,0.71,214.32,36168.35,73.61,5879.78,227309.95,0.72,0.5,0.32,29746.1
4620,9,0.71,214.27,36094.74,73.61,5878.94,227322.62,0.72,0.5,0.32,29744.44
4630,9,0.71,214.23,36021.12,73.62,5878.09,227335.31,0.72,0.5,0.32,29742.78
4640,9,0.71,214.19,35947.5,73.62,5877.25,227348.01,0.72,0.5,0.32,29741.11
4650,9,0.7,214.14,35873.87,73.63,5876.41,227360.71,0.72,0.5,0.32,29739.45
4660,9,0.7,214.1,35800.24,73.63,5875.57,227373.43,0.72,0.5,0.32,29737.79
4670,9,0.7,214.06,35726.6,73.64,5874.73,227386.16,0.72,0.5,0.32,29736.12
4680,9,0.7,214.01,35652.96,73.64,5873.89,227398.9,0.72,0.5,0.32,29734.46
4690,9,0.7,213.97,35579.32,73.64,5873.05,227411.65,0.72,0.5,0.32,29732.79
4700,9,0.7,213.93,35505.67,73.65,5872.21,227424.41,0.72,0.5,0.32,29731.12
4710,9,0.7,213.88,35432.02,73.65,5871.37,227437.17,0.72,0.5,0.32,29729.45
4720,9,0.7,213.84,35358.37,73.66,5870.53,227449.95,0.72,0.5,0.32,29727.78
4730,9,0.7,213.8,35284.7,73.66,5869.69,227462.74,0.72,0.5,0.32,29726.11
4740,9,0.7,213.75,35211.04,73.66,5868.85,227475.54,0.72,0.5,0.32,29724.44
4750,9,0.7,213.71,35137.37,73.67,5868.01,227488.36,0.72,0.5,0.32,29722.76
4760,9,0.7,213.67,35063.7,73.67,5867.17,227501.18,0.72,0.5,0.32,29721.09
4770,9,0.7,213.62,34990.02,73.68,5866.34,227514.01,0.72,0.5,0.32,29719.41
4780,9,0.7,213.58,34916.34,73.68,5865.5,227526.85,0.72,0.5,0.32,29717.73
4790,9,0.7,213.53,34842.66,73.69,5864.66,227539.7,0.72,0.5,0.32,29716.05
4800,9,0.7,213.49,34768.97,73.69,5863.82,227552.56,0.72,0.5,0.32,29714.37
4810,9,0.7,213.45,34695.27,73.69,5862.99,227565.44,0.72,0.5,0.32,29712.69
4820,9,0.7,213.4,34621.58,73.7,5862.15,227578.32,0.72,0.5,0.32,29711.01
4830,9,0.7,213.36,34547.87,73.7,5861.32,227591.22,0.72,0.5,0.32,29709.33
4840,9,0.7,213.32,34474.17,73.71,5860.48,227604.12,0.72,0.5,0.32,29707.64
4850,9,0.7,213.27,34400.46,73.71,5859.64,227617.03,0.72,0.5,0.32,29705.96
4860,9,0.7,213.23,34326.74,73.71,5858.81,227629.96,0.72,0.5,0.32,29704.27
4870,9,0.7,213.19,34253.03,73.72,5857.97,227642.9,0.72,0.5,0.32,29702.58
4880,9,0.7,213.14,34179.3,73.72,5857.14,227655.84,0.72,0.5,0.32,29700.89
4890,9,0.7,213.1,34105.58,73.73,5856.31,227668.8,0.72,0.5,0.32,29699.2
4900,9,0.7,213.06,34031.84,73.73,5855.47,227681.77,0.72,0.5,0.32,29697.51
4910,9,0.7,213.01,33958.11,73.74,5854.64,227694.75,0.72,0.5,0.32,29695.82
4920,9,0.7,212.97,33884.37,73.74,5853.8,227707.74,0.72,0.5,0.32,29694.12
4930,9,0.7,212.93,33810.63,73.74,5852.97,227720.74,0.72,0.5,0.32,29692.43
4940,9,0.7,212.88,33736.88,73.75,5852.14,227733.75,0.72,0.5,0.32,29690.73
4950,9,0.7,212.84,33663.13,73.75,5851.31,227746.77,0.72,0.5,0.32,29689.03
4960,9,0.7,212.79,33589.37,73.76,5850.47,227759.8,0.72,0.5,0.32,29687.33
4970,9,0.7,212.75,33515.61,73.76,5849.64,227772.84,0.72,0.5,0.32,29685.63
4980,9,0.7,212.71,33441.84,73.76,5848.81,227785.89,0.72,0.5,0.32,29683.93
4990,9,0.7,212.66,33368.07,73.77,5847.98,227798.96,0.72,0.5,0.32,29682.23
5000,9,0.7,212.62,33294.3,73.77,5847.15,227812.03,0.72,0.5,0.32,29680.53
5010,9,0.7,212.58,33220.52,73.78,5846.32,227825.11,0.72,0.5,0.32,29678.82
5020,9,0.7,212.53,33146.74,73.78,5845.49,227838.21,0.72,0.5,0.32,29677.11
5030,9,0.7,212.49,33072.96,73.79,5844.66,227851.32,0.72,0.5,0.32,29675.41
5040,9,0.7,212.44,32999.17,73.79,5843.83,227864.43,0.72,0.5,0.32,29673.7
5050,9,0.7,212.4,32925.37,73.79,5843.0,227877.56,0.72,0.5,0.32,29671.99
5060,9,0.7,212.36,32851.57,73.8,5842.17,227890.7,0.72,0.5,0.32,29670.28
5070,9,0.7,212.31,32777.77,73.8,5841.34,227903.85,0.72,0.5,0.32,29668.57
5080,9,0.7,212.27,32703.96,73.81,5840.51,227917.01,0.72,0.5,0.32,29666.85
5090,9,0.7,212.23,32630.15,73.81,5839.68,227930.18,0.72,0.5,0.32,29665.14
5100,9,0.7,212.18,32556.33,73.82,5838.86,227943.36,0.72,0.5,0.32,29663.42
5110,9,0.7,212.14,32482.51,73.82,5838.03,227956.56,0.72,0.5,0.32,29661.71
5120,9,0.7,212.09,32408.69,73.82,5837.2,227969.76,0.72,0.5,0.32,29659.99
5130,9,0.7,212.05,32334.86,73.83,5836.38,227982.97,0.72,0.5,0.32,29658.27
5140,9,0.7,212.01,32261.03,73.83,5835.55,227996.2,0.72,0.5,0.32,29656.55
5150,9,0.7,211.96,32187.19,73.84,5834.72,228009.44,0.72,0.5,0.32,29654.82
5160,9,0.7,211.92,32113.35,73.84,5833.9,228022.68,0.72,0.5,0.32,29653.1
5170,9,0.7,211.87,32039.5,73.85,5833.07,228035.94,0.72,0.5,0.32,29651.38
5180,9,0.7,211.83,31965.65,73.85,5832.25,228049.21,0.72,0.5,0.32,29649.65
5190,9,0.7,211.79,31891.8,73.85,5831.42,228062.49,0.72,0.5,0.32,29647.93
5200,9,0.7,211.74,31817.94,73.86,5830.6,228075.78,0.72,0.5,0.32,29646.2
5210,9,0.7,211.7,31744.08,73.86,5829.77,228089.08,0.72,0.5,0.32,29644.47
5220,9,0.7,211.65,31670.21,73.87,5828.95,228102.4,0.72,0.5,0.32,29642.74
5230,9,0.7,211.61,31596.34,73.87,5828.12,228115.72,0.72,0.5,0.32,29641.01
5240,9,0.7,211.57,31522.46,73.88,5827.3,228129.06,0.72,0.5,0.32,29639.27
5250,9,0.7,211.52,31448.58,73.88,5826.48,228142.4,0.72,0.5,0.32,29637.54
5260,9,0.7,211.48,31374.7,73.88,5825.65,228155.76,0.72,0.5,0.32,29635.8
5270,9,0.7,211.43,31300.81,73.89,5824.83,228169.13,0.72,0.5,0.32,29634.07
5280,9,0.7,211.39,31226.91,73.89,5824.01,228182.51,0.72,0.5,0.32,29632.33
5290,9,0.7,211.35,31153.02,73.9,5823.19,228195.9,0.72,0.5,0.32,29630.59
5300,9,0.7,211.3,31079.12,73.9,5822.37,228209.3,0.72,0.5,0.32,29628.85
5310,9,0.7,211.26,31005.21,73.91,5821.54,228222.71,0.72,0.5,0.32,29627.11
5320,9,0.7,211.21,30931.3,73.91,5820.72,228236.13,0.72,0.5,0.32,29625.36
5330,9,0.7,211.17,30857.38,73.92,5819.9,228249.57,0.72,0.5,0.32,29623.62
5340,9,0.7,211.13,30783.46,73.92,5819.08,228263.02,0.72,0.5,0.32,29621.88
5350,9,0.69,211.08,30709.54,73.92,5818.26,228276.47,0.72,0.5,0.32,29620.13
5360,9,0.69,211.04,30635.61,73.93,5817.44,228289.94,0.72,0.5,0.32,29618.38
5370,9,0.69,210.99,30561.68,73.93,5816.62,228303.42,0.72,0.5,0.32,29616.63
5380,9,0.69,210.95,30487.74,73.94,5815.8,228316.91,0.72,0.5,0.32,29614.88
5390,9,0.69,210.91,30413.8,73.94,5814.99,228330.41,0.72,0.5,0.32,29613.13
5400,9,0.69,210.86,30339.86,73.95,5814.17,228343.93,0.72,0.5,0.32,29611.38
5410,9,0.69,210.82,30265.91,73.95,5813.35,228357.45,0.72,0.5,0.32,29609.62
5420,9,0.69,210.77,30191.95,73.95,5812.53,228370.99,0.72,0.5,0.32,29607.87
5430,9,0.69,210.73,30117.99,73.96,5811.71,228384.54,0.72,0.5,0.32,29606.11
5440,9,0.69,210.68,30044.03,73.96,5810.9,228398.09,0.72,0.5,0.32,29604.35
5450,9,0.69,210.64,29970.06,73.97,5810.08,228411.66,0.72,0.5,0.32,29602.59
5460,9,0.69,210.6,29896.09,73.97,5809.26,228425.25,0.72,0.5,0.32,29600.83
5470,9,0.69,210.55,29822.11,73.98,5808.45,228438.84,0.72,0.5,0.32,29599.07
5480,9,0.69,210.51,29748.13,73.98,5807.63,228452.44,0.72,0.5,0.32,29597.31
5490,9,0.69,210.46,29674.15,73.99,5806.82,228466.06,0.72,0.5,0.32,29595.55
5500,9,0.69,210.42,29600.16,73.99,5806.0,228479.68,0.72,0.5,0.32,29593.78
5510,9,0.69,210.37,29526.16,73.99,5805.18,228493.32,0.72,0.5,0.32,29592.01
5520,9,0.69,210.33,29452.17,74.0,5804.37,228506.97,0.72,0.5,0.32,29590.25
5530,9,0.69,210.29,29378.16,74.0,5803.56,228520.63,0.72,0.5,0.32,29588.48
5540,9,0.69,210.24,29304.16,74.01,5802.74,228534.31,0.72,0.5,0.32,29586.71
5550,9,0.69,210.2,29230.14,74.01,5801.93,228547.99,0.72,0.5,0.32,29584.93
5560,9,0.69,210.15,29156.13,74.02,5801.11,228561.69,0.72,0.5,0.32,29583.16
5570,9,0.69,210.11,29082.11,74.02,5800.3,228575.39,0.72,0.5,0.32,29581.39
5580,9,0.69,210.06,29008.08,74.02,5799.49,228589.11,0.72,0.5,0.32,29579.61
5590,9,0.69,210.02,28934.05,74.03,5798.68,228602.84,0.72,0.5,0.32,29577.83
5600,9,0.69,209.97,28860.02,74.03,5797.86,228616.58,0.72,0.5,0.32,29576.06
5610,9,0.69,209.93,28785.98,74.04,5797.05,228630.34,0.72,0.5,0.32,29574.28
5620,9,0.69,209.89,28711.94,74.04,5796.24,228644.1,0.72,0.5,0.32,29572.5
5630,9,0.69,209.84,28637.89,74.05,5795.43,228657.88,0.72,0.5,0.32,29570.71
5640,9,0.69,209.8,28563.84,74.05,5794.62,228671.67,0.72,0.5,0.32,29568.93
5650,9,0.69,209.75,28489.78,74.06,5793.81,228685.46,0.72,0.5,0.32,29567.15
5660,9,0.69,209.71,28415.72,74.06,5793.0,228699.28,0.72,0.5,0.32,29565.36
5670,9,0.69,209.66,28341.66,74.07,5792.19,228713.1,0.72,0.5,0.32,29563.57
5680,9,0.69,209.62,28267.59,74.07,5791.38,228726.93,0.72,0.5,0.32,29561.78
5690,9,0.69,209.57,28193.51,74.07,5790.57,228740.78,0.72,0.5,0.32,29559.99
5700,9,0.69,209.53,28119.44,74.08,5789.76,228754.64,0.72,0.5,0.32,29558.2
5710,9,0.69,209.49,28045.35,74.08,5788.95,228768.51,0.72,0.5,0.32,29556.41
5720,9,0.69,209.44,27971.27,74.09,5788.14,228782.39,0.72,0.5,0.32,29554.62
5730,9,0.69,209.4,27897.17,74.09,5787.33,228796.28,0.72,0.5,0.32,29552.82
5740,9,0.69,209.35,27823.08,74.1,5786.53,228810.19,0.72,0.5,0.32,29551.03
5750,9,0.69,209.31,27748.98,74.1,5785.72,228824.1,0.72,0.5,0.32,29549.23
5760,9,0.69,209.26,27674.87,74.11,5784.91,228838.03,0.72,0.5,0.32,29547.43
5770,9,0.69,209.22,27600.76,74.11,5784.11,228851.97,0.72,0.5,0.32,29545.63
5780,9,0.69,209.17,27526.65,74.11,5783.3,228865.92,0.72,0.5,0.32,29543.83
5790,9,0.69,209.13,27452.53,74.12,5782.49,228879.89,0.72,0.5,0.32,29542.03
5800,9,0.69,209.08,27378.4,74.12,5781.69,228893.86,0.72,0.5,0.32,29540.22
5810,9,0.69,209.04,27304.27,74.13,5780.88,228907.85,0.72,0.5,0.32,29538.42
5820,9,0.69,208.99,27230.14,74.13,5780.08,228921.85,0.72,0.5,0.32,29536.61
5830,9,0.69,208.95,27156.0,74.14,5779.27,228935.86,0.72,0.5,0.32,29534.8
5840,9,0.69,208.9,27081.86,74.14,5778.47,228949.89,0.72,0.5,0.32,29532.99
5850,9,0.69,208.86,27007.72,74.15,5777.66,228963.92,0.72,0.5,0.32,29531.18
5860,9,0.69,208.82,26933.57,74.15,5776.86,228977.97,0.72,0.5,0.32,29529.37
5870,9,0.69,208.77,26859.41,74.16,5776.06,228992.03,0.72,0.5,0.32,29527.56
5880,9,0.69,208.73,26785.25,74.16,5775.25,229006.1,0.72,0.5,0.32,29525.74
5890,9,0.69,208.68,26711.08,74.16,5774.45,229020.18,0.72,0.5,0.32,29523.93
5900,9,0.69,208.64,26636.92,74.17,5773.65,229034.28,0.72,0.5,0.32,29522.11
5910,9,0.69,208.59,26562.74,74.17,5772.84,229048.38,0.72,0.5,0.32,29520.29
5920,9,0.69,208.55,26488.56,74.18,5772.04,229062.5,0.72,0.5,0.32,29518.47
5930,9,0.69,208.5,26414.38,74.18,5771.24,229076.63,0.72,0.5,0.32,29516.65
5940,9,0.69,208.46,26340.19,74.19,5770.44,229090.78,0.72,0.5,0.32,29514.83
5950,9,0.69,208.41,26266.0,74.19,5769.64,229104.93,0.72,0.5,0.32,29513.0
5960,9,0.69,208.37,26191.8,74.2,5768.84,229119.1,0.72,0.5,0.32,29511.18
5970,9,0.69,208.32,26117.6,74.2,5768.04,229133.28,0.72,0.5,0.32,29509.35
5980,9,0.69,208.28,26043.4,74.21,5767.24,229147.47,0.72,0.5,0.32,29507.52
5990,9,0.69,208.23,25969.19,74.21,5766.44,229161.68,0.72,0.5,0.32,29505.69
6000,9,0.69,208.19,25894.97,74.21,5765.64,229175.89,0.72,0.5,0.32,29503.86
6010,9,0.69,208.14,25820.75,74.22,5764.84,229190.12,0.72,0.5,0.32,29502.03
6020,9,0.69,208.1,25746.53,74.22,5764.04,229204.36,0.72,0.5,0.32,29500.2
6030,9,0.68,208.05,25672.3,74.23,5763.24,229218.61,0.72,0.5,0.32,29498.36
6040,9,0.68,208.01,25598.07,74.23,5762.44,229232.88,0.72,0.5,0.32,29496.53
6050,9,0.68,207.96,25523.83,74.24,5761.65,229247.16,0.72,0.5,0.32,29494.69
6060,9,0.68,207.92,25449.59,74.24,5760.85,229261.44,0.72,0.5,0.32,29492.85
6070,9,0.68,207.87,25375.34,74.25,5760.05,229275.75,0.72,0.5,0.32,29491.01
6080,9,0.68,207.83,25301.09,74.25,5759.25,229290.06,0.72,0.5,0.32,29489.17
6090,9,0.68,207.78,25226.83,74.26,5758.46,229304.39,0.72,0.5,0.32,29487.33
6100,9,0.68,207.74,25152.57,74.26,5757.66,229318.73,0.72,0.5,0.32,29485.48
6110,9,0.68,207.69,25078.3,74.27,5756.87,229333.08,0.72,0.5,0.32,29483.64
6120,9,0.68,207.65,25004.03,74.27,5756.07,229347.44,0.72,0.5,0.32,29481.79
6130,9,0.68,207.6,24929.76,74.28,5755.28,229361.82,0.72,0.5,0.32,29479.94
6140,9,0.68,207.56,24855.48,74.28,5754.48,229376.2,0.72,0.5,0.32,29478.09
6150,9,0.68,207.51,24781.19,74.28,5753.69,229390.6,0.72,0.5,0.32,29476.24
6160,9,0.68,207.47,24706.9,74.29,5752.89,229405.02,0.72,0.5,0.32,29474.39
6170,9,0.68,207.42,24632.61,74.29,5752.1,229419.44,0.72,0.5,0.32,29472.54
6180,9,0.68,207.38,24558.31,74.3,5751.3,229433.88,0.72,0.5,0.32,29470.68
6190,9,0.68,207.33,24484.01,74.3,5750.51,229448.33,0.72,0.5,0.32,29468.82
6200,9,0.68,207.29,24409.7,74.31,5749.72,229462.79,0.72,0.5,0.32,29466.97
6210,9,0.68,207.24,24335.39,74.31,5748.93,229477.27,0.72,0.5,0.32,29465.11
6220,9,0.68,207.2,24261.07,74.32,5748.13,229491.76,0.72,0.5,0.32,29463.25
6230,9,0.68,207.15,24186.75,74.32,5747.34,229506.26,0.72,0.5,0.32,29461.39
6240,9,0.68,207.11,24112.42,74.33,5746.55,229520.77,0.72,0.5,0.32,29459.52
6250,9,0.68,207.06,24038.09,74.33,5745.76,229535.3,0.72,0.5,0.32,29457.66
6260,9,0.68,207.02,23963.75,74.34,5744.97,229549.83,0.72,0.5,0.32,29455.79
6270,9,0.68,206.97,23889.41,74.34,5744.18,229564.38,0.72,0.5,0.32,29453.92
6280,9,0.68,206.93,23815.07,74.35,5743.39,229578.95,0.72,0.5,0.32,29452.06
6290,9,0.68,206.88,23740.72,74.35,5742.6,229593.52,0.72,0.5,0.32,29450.19
6300,9,0.68,206.83,23666.36,74.35,5741.81,229608.11,0.72,0.5,0.32,29448.31
6310,9,0.68,206.79,23592.0,74.36,5741.02,229622.71,0.72,0.5,0.32,29446.44
6320,9,0.68,206.74,23517.64,74.36,5740.23,229637.33,0.72,0.5,0.32,29444.57
6330,9,0.68,206.7,23443.27,74.37,5739.44,229651.95,0.72,0.5,0.32,29442.69
6340,9,0.68,206.65,23368.9,74.37,5738.65,229666.59,0.72,0.5,0.32,29440.81
6350,9,0.68,206.61,23294.52,74.38,5737.86,229681.25,0.72,0.5,0.32,29438.94
6360,9,0.68,206.56,23220.13,74.38,5737.08,229695.91,0.72,0.5,0.32,29437.06
6370,9,0.68,206.52,23145.75,74.39,5736.29,229710.59,0.72,0.5,0.32,29435.17
6380,9,0.68,206.47,23071.35,74.39,5735.5,229725.28,0.72,0.5,0.32,29433.29
6390,9,0.68,206.43,22996.95,74.4,5734.72,229739.98,0.72,0.5,0.32,29431.41
6400,9,0.68,206.38,22922.55,74.4,5733.93,229754.7,0.72,0.5,0.32,29429.52
6410,9,0.68,206.34,22848.14,74.41,5733.14,229769.43,0.72,0.5,0.32,29427.64
6420,9,0.68,206.29,22773.73,74.41,5732.36,229784.17,0.72,0.5,0.32,29425.75
6430,9,0.68,206.24,22699.32,74.42,5731.57,229798.92,0.72,0.5,0.32,29423.86
6440,9,0.68,206.2,22624.89,74.42,5730.79,229813.69,0.72,0.5,0.32,29421.97
6450,9,0.68,206.15,22550.47,74.43,5730.0,229828.47,0.72,0.5,0.32,29420.07
6460,9,0.68,206.11,22476.04,74.43,5729.22,229843.27,0.72,0.5,0.32,29418.18
6470,9,0.68,206.06,22401.6,74.44,5728.43,229858.07,0.71,0.5,0.32,29416.29
6480,9,0.68,206.02,22327.16,74.44,5727.65,229872.89,0.71,0.5,0.32,29414.39
6490,9,0.68,205.97,22252.72,74.45,5726.87,229887.73,0.71,0.5,0.32,29412.49
6500,9,0.68,205.93,22178.26,74.45,5726.08,229902.57,0.71,0.5,0.32,29410.59
6510,9,0.68,205.88,22103.81,74.46,5725.3,229917.43,0.71,0.5,0.32,29408.69
6520,9,0.68,205.83,22029.35,74.46,5724.52,229932.3,0.71,0.5,0.32,29406.79
6530,9,0.68,205.79,21954.88,74.46,5723.74,229947.19,0.71,0.5,0.32,29404.88
6540,9,0.68,205.74,21880.42,74.47,5722.96,229962.08,0.71,0.5,0.32,29402.98
6550,9,0.68,205.7,21805.94,74.47,5722.17,229976.99,0.71,0.5,0.32,29401.07
6560,9,0.68,205.65,21731.46,74.48,5721.39,229991.92,0.71,0.5,0.32,29399.16
6570,9,0.68,205.61,21656.98,74.48,5720.61,230006.85,0.71,0.5,0.32,29397.25
6580,9,0.68,205.56,21582.49,74.49,5719.83,230021.8,0.71,0.5,0.32,29395.34
6590,9,0.68,205.52,21507.99,74.49,5719.05,230036.77,0.71,0.5,0.32,29393.43
6600,9,0.68,205.47,21433.5,74.5,5718.27,230051.74,0.71,0.5,0.32,29391.52
6610,9,0.68,205.42,21358.99,74.5,5717.49,230066.73,0.71,0.5,0.32,29389.6
6620,9,0.68,205.38,21284.48,74.51,5716.71,230081.74,0.71,0.5,0.32,29387.68
6630,9,0.68,205.33,21209.97,74.51,5715.94,230096.75,0.71,0.5,0.32,29385.77
6640,9,0.68,205.29,21135.45,74.52,5715.16,230111.78,0.71,0.5,0.32,29383.85
6650,9,0.68,205.24,21060.93,74.52,5714.38,230126.83,0.71,0.5,0.32,29381.93
6660,9,0.68,205.2,20986.4,74.53,5713.6,230141.88,0.71,0.5,0.32,29380.0
6670,9,0.68,205.15,20911.87,74.53,5712.82,230156.95,0.71,0.5,0.32,29378.08
6680,9,0.68,205.1,20837.33,74.54,5712.05,230172.03,0.71,0.5,0.32,29376.15
6690,9,0.68,205.06,20762.79,74.54,5711.27,230187.13,0.71,0.5,0.32,29374.23
6700,9,0.67,205.01,20688.24,74.55,5710.49,230202.24,0.71,0.5,0.32,29372.3
6710,9,0.67,204.97,20613.69,74.55,5709.72,230217.36,0.71,0.5,0.32,29370.37
6720,9,0.67,204.92,20539.13,74.56,5708.94,230232.5,0.71,0.5,0.32,29368.44
6730,9,0.67,204.87,20464.57,74.56,5708.17,230247.65,0.71,0.5,0.32,29366.51
6740,9,0.67,204.83,20390.0,74.57,5707.39,230262.81,0.71,0.5,0.32,29364.57
6750,9,0.67,204.78,20315.43,74.57,5706.62,230277.99,0.71,0.5,0.32,29362.64
6760,9,0.67,204.74,20240.86,74.58,5705.84,230293.18,0.71,0.5,0.32,29360.7
6770,9,0.67,204.69,20166.27,74.58,5705.07,230308.38,0.71,0.5,0.32,29358.76
6780,9,0.67,204.65,20091.69,74.59,5704.3,230323.6,0.71,0.5,0.32,29356.82
6790,9,0.67,204.6,20017.1,74.59,5703.52,230338.83,0.71,0.5,0.32,29354.88
6800,9,0.67,204.55,19942.5,74.6,5702.75,230354.07,0.71,0.5,0.32,29352.94
6810,9,0.67,204.51,19867.9,74.6,5701.98,230369.33,0.71,0.5,0.32,29350.99
6820,9,0.67,204.46,19793.29,74.61,5701.21,230384.6,0.71,0.5,0.32,29349.05
6830,9,0.67,204.42,19718.68,74.61,5700.43,230399.88,0.71,0.5,0.32,29347.1
6840,9,0.67,204.37,19644.06,74.62,5699.66,230415.18,0.71,0.5,0.32,29345.15
6850,9,0.67,204.32,19569.44,74.62,5698.89,230430.49,0.71,0.5,0.32,29343.2
6860,9,0.67,204.28,19494.82,74.63,5698.12,230445.82,0.71,0.5,0.32,29341.25
6870,9,0.67,204.23,19420.18,74.63,5697.35,230461.16,0.71,0.5,0.32,29339.29
6880,9,0.67,204.19,19345.55,74.64,5696.58,230476.51,0.71,0.5,0.32,29337.34
6890,9,0.67,204.14,19270.91,74.64,5695.81,230491.88,0.71,0.5,0.32,29335.38
6900,9,0.67,204.09,19196.26,74.65,5695.04,230507.26,0.71,0.5,0.32,29333.43
6910,9,0.67,204.05,19121.61,74.65,5694.27,230522.65,0.71,0.5,0.32,29331.47
6920,9,0.67,204.0,19046.95,74.66,5693.5,230538.06,0.71,0.5,0.32,29329.51
6930,9,0.67,203.95,18972.29,74.66,5692.73,230553.48,0.71,0.5,0.32,29327.54
6940,9,0.67,203.91,18897.63,74.67,5691.96,230568.92,0.71,0.5,0.32,29325.58
6950,9,0.67,203.86,18822.96,74.67,5691.2,230584.37,0.71,0.5,0.32,29323.61
6960,9,0.67,203.82,18748.28,74.68,5690.43,230599.83,0.71,0.5,0.32,29321.65
6970,9,0.67,203.77,18673.6,74.68,5689.66,230615.31,0.71,0.5,0.32,29319.68
6980,9,0.67,203.72,18598.91,74.69,5688.9,230630.8,0.71,0.5,0.32,29317.71
6990,9,0.67,203.68,18524.22,74.69,5688.13,230646.3,0.71,0.5,0.32,29315.74
7000,9,0.67,203.63,18449.52,74.7,5687.36,230661.82,0.71,0.5,0.32,29313.77
7010,9,0.67,203.59,18374.82,74.7,5686.6,230677.36,0.71,0.5,0.32,29311.79
7020,9,0.67,203.54,18300.12,74.71,5685.83,230692.9,0.71,0.5,0.32,29309.82
7030,9,0.67,203.49,18225.41,74.71,5685.07,230708.46,0.71,0.5,0.32,29307.84
7040,9,0.67,203.45,18150.69,74.72,5684.3,230724.04,0.71,0.5,0.32,29305.86
7050,9,0.67,203.4,18075.97,74.72,5683.54,230739.63,0.71,0.5,0.32,29303.88
7060,9,0.67,203.35,18001.24,74.73,5682.77,230755.23,0.71,0.5,0.32,29301.9
7070,9,0.67,203.31,17926.51,74.73,5682.01,230770.85,0.71,0.5,0.32,29299.91
7080,9,0.67,203.26,17851.77,74.74,5681.25,230786.48,0.71,0.5,0.32,29297.93
7090,9,0.67,203.21,17777.03,74.74,5680.48,230802.12,0.71,0.5,0.32,29295.94
7100,9,0.67,203.17,17702.29,74.75,5679.72,230817.78,0.71,0.5,0.32,29293.96
7110,9,0.67,203.12,17627.53,74.75,5678.96,230833.45,0.71,0.5,0.32,29291.97
7120,9,0.67,203.08,17552.78,74.76,5678.2,230849.14,0.71,0.5,0.32,29289.98
7130,9,0.67,203.03,17478.01,74.76,5677.44,230864.84,0.71,0.5,0.32,29287.98
7140,9,0.67,202.98,17403.25,74.77,5676.67,230880.56,0.71,0.5,0.32,29285.99
7150,9,0.67,202.94,17328.48,74.77,5675.91,230896.29,0.71,0.5,0.32,29283.99
7160,9,0.67,202.89,17253.7,74.78,5675.15,230912.03,0.71,0.5,0.32,29282.0
7170,9,0.67,202.84,17178.92,74.78,5674.39,230927.79,0.71,0.5,0.32,29280.0
7180,9,0.67,202.8,17104.13,74.79,5673.63,230943.57,0.71,0.5,0.32,29278.0
7190,9,0.67,202.75,17029.34,74.79,5672.87,230959.35,0.71,0.5,0.32,29276.0
7200,9,0.67,202.7,16954.54,74.8,5672.11,230975.15,0.71,0.5,0.32,29273.99
7210,9,0.67,202.66,16879.74,74.8,5671.36,230990.97,0.71,0.5,0.32,29271.99
7220,9,0.67,202.61,16804.93,74.81,5670.6,231006.8,0.71,0.5,0.32,29269.98
7230,9,0.67,202.56,16730.12,74.81,5669.84,231022.64,0.71,0.5,0.32,29267.97
7240,9,0.67,202.52,16655.3,74.82,5669.08,231038.5,0.71,0.5,0.32,29265.96
7250,9,0.67,202.47,16580.47,74.82,5668.32,231054.38,0.71,0.5,0.32,29263.95
7260,9,0.67,202.42,16505.65,74.83,5667.57,231070.26,0.71,0.5,0.32,29261.94
7270,9,0.67,202.38,16430.81,74.83,5666.81,231086.17,0.71,0.5,0.32,29259.93
7280,9,0.67,202.33,16355.97,74.84,5666.05,231102.08,0.71,0.5,0.32,29257.91
7290,9,0.67,202.29,16281.13,74.84,5665.3,231118.01,0.71,0.5,0.32,29255.89
7300,9,0.67,202.24,16206.28,74.85,5664.54,231133.96,0.71,0.5,0.32,29253.88
7310,9,0.67,202.19,16131.43,74.85,5663.79,231149.92,0.71,0.5,0.32,29251.86
7320,9,0.67,202.15,16056.57,74.86,5663.03,231165.9,0.71,0.5,0.32,29249.83
7330,9,0.67,202.1,15981.7,74.86,5662.28,231181.88,0.71,0.5,0.32,29247.81
7340,9,0.67,202.05,15906.83,74.87,5661.52,231197.89,0.71,0.5,0.32,29245.79
7350,9,0.67,202.01,15831.96,74.87,5660.77,231213.91,0.71,0.5,0.32,29243.76
7360,9,0.66,201.96,15757.08,74.88,5660.01,231229.94,0.71,0.5,0.32,29241.73
7370,9,0.66,201.91,15682.19,74.89,5659.26,231245.99,0.71,0.5,0.32,29239.7
7380,9,0.66,201.87,15607.3,74.89,5658.51,231262.05,0.71,0.5,0.32,29237.67
7390,9,0.66,201.82,15532.4,74.9,5657.76,231278.13,0.71,0.5,0.32,29235.64
7400,9,0.66,201.77,15457.5,74.9,5657.0,231294.22,0.71,0.5,0.32,29233.6
7410,9,0.66,201.72,15382.6,74.91,5656.25,231310.33,0.71,0.5,0.32,29231.57
7420,9,0.66,201.68,15307.69,74.91,5655.5,231326.45,0.71,0.5,0.32,29229.53
7430,9,0.66,201.63,15232.77,74.92,5654.75,231342.59,0.71,0.5,0.32,29227.49
7440,9,0.66,201.58,15157.85,74.92,5654.0,231358.74,0.71,0.5,0.32,29225.45
7450,9,0.66,201.54,15082.92,74.93,5653.25,231374.9,0.71,0.5,0.32,29223.41
7460,9,0.66,201.49,15007.99,74.93,5652.5,231391.08,0.71,0.5,0.32,29221.36
7470,9,0.66,201.44,14933.05,74.94,5651.75,231407.28,0.71,0.5,0.32,29219.32
7480,9,0.66,201.4,14858.11,74.94,5651.0,231423.49,0.71,0.5,0.32,29217.27
7490,9,0.66,201.35,14783.16,74.95,5650.25,231439.72,0.71,0.5,0.32,29215.22
7500,9,0.66,201.3,14708.21,74.95,5649.5,231455.96,0.71,0.5,0.32,29213.17
7510,9,0.66,201.26,14633.25,74.96,5648.75,231472.21,0.71,0.5,0.32,29211.12
7520,9,0.66,201.21,14558.28,74.96,5648.01,231488.48,0.71,0.5,0.32,29209.07
7530,9,0.66,201.16,14483.31,74.97,5647.26,231504.77,0.71,0.5,0.32,29207.01
7540,9,0.66,201.12,14408.34,74.97,5646.51,231521.07,0.71,0.5,0.32,29204.95
7550,9,0.66,201.07,14333.36,74.98,5645.76,231537.38,0.71,0.5,0.32,29202.9
7560,9,0.66,201.02,14258.38,74.99,5645.02,231553.71,0.71,0.5,0.32,29200.84
7570,9,0.66,200.97,14183.39,74.99,5644.27,231570.06,0.71,0.5,0.32,29198.78
7580,9,0.66,200.93,14108.39,75.0,5643.53,231586.42,0.71,0.5,0.32,29196.71
7590,9,0.66,200.88,14033.39,75.0,5642.78,231602.8,0.71,0.5,0.32,29194.65
7600,9,0.66,200.83,13958.38,75.01,5642.04,231619.19,0.71,0.5,0.32,29192.58
7610,9,0.66,200.79,13883.37,75.01,5641.29,231635.59,0.71,0.5,0.32,29190.51
7620,9,0.66,200.74,13808.35,75.02,5640.55,231652.02,0.71,0.5,0.32,29188.44
7630,9,0.66,200.69,13733.33,75.02,5639.8,231668.45,0.71,0.5,0.32,29186.37
7640,9,0.66,200.64,13658.3,75.03,5639.06,231684.9,0.71,0.5,0.32,29184.3
7650,9,0.66,200.6,13583.27,75.03,5638.32,231701.37,0.71,0.5,0.32,29182.22
7660,9,0.66,200.55,13508.23,75.04,5637.57,231717.85,0.71,0.5,0.32,29180.15
7670,9,0.66,200.5,13433.19,75.04,5636.83,231734.35,0.71,0.5,0.32,29178.07
7680,9,0.66,200.46,13358.14,75.05,5636.09,231750.86,0.71,0.5,0.32,29175.99
7690,9,0.66,200.41,13283.09,75.05,5635.35,231767.39,0.71,0.5,0.32,29173.91
7700,9,0.66,200.36,13208.03,75.06,5634.61,231783.94,0.71,0.5,0.32,29171.83
7710,9,0.66,200.31,13132.96,75.06,5633.86,231800.5,0.71,0.5,0.32,29169.74
7720,9,0.66,200.27,13057.89,75.07,5633.12,231817.07,0.71,0.5,0.32,29167.66
7730,9,0.66,200.22,12982.82,75.08,5632.38,231833.66,0.71,0.5,0.32,29165.57
7740,9,0.66,200.17,12907.74,75.08,5631.64,231850.27,0.71,0.5,0.32,29163.48
7750,9,0.66,200.13,12832.65,75.09,5630.9,231866.89,0.71,0.5,0.32,29161.39
7760,9,0.66,200.08,12757.56,75.09,5630.16,231883.52,0.71,0.5,0.32,29159.3
7770,9,0.66,200.03,12682.46,75.1,5629.43,231900.18,0.71,0.5,0.32,29157.2
7780,9,0.66,199.98,12607.36,75.1,5628.69,231916.84,0.71,0.5,0.32,29155.11
7790,9,0.66,199.94,12532.25,75.11,5627.95,231933.53,0.71,0.5,0.32,29153.01
7800,9,0.66,199.89,12457.14,75.11,5627.21,231950.22,0.71,0.5,0.32,29150.91
7810,9,0.66,199.84,12382.02,75.12,5626.47,231966.94,0.71,0.5,0.32,29148.81
7820,9,0.66,199.79,12306.89,75.12,5625.74,231983.67,0.71,0.5,0.32,29146.71
7830,9,0.66,199.75,12231.76,75.13,5625.0,232000.41,0.71,0.5,0.32,29144.6
7840,9,0.66,199.7,12156.63,75.14,5624.26,232017.18,0.71,0.5,0.32,29142.5
7850,9,0.66,199.65,12081.49,75.14,5623.53,232033.95,0.71,0.5,0.32,29140.39
7860,9,0.66,199.6,12006.34,75.15,5622.79,232050.75,0.71,0.5,0.32,29138.28
7870,9,0.66,199.56,11931.19,75.15,5622.06,232067.55,0.71,0.5,0.32,29136.17
7880,9,0.66,199.51,11856.03,75.16,5621.32,232084.38,0.71,0.5,0.32,29134.06
7890,9,0.66,199.46,11780.87,75.16,5620.59,232101.22,0.71,0.5,0.32,29131.94
7900,9,0.66,199.41,11705.7,75.17,5619.85,232118.07,0.71,0.5,0.32,29129.83
7910,9,0.66,199.37,11630.53,75.17,5619.12,232134.95,0.71,0.5,0.32,29127.71
7920,9,0.66,199.32,11555.35,75.18,5618.39,232151.83,0.71,0.5,0.32,29125.59
7930,9,0.66,199.27,11480.17,75.18,5617.65,232168.74,0.71,0.5,0.32,29123.47
7940,9,0.66,199.22,11404.98,75.19,5616.92,232185.66,0.71,0.5,0.32,29121.35
7950,9,0.66,199.18,11329.78,75.2,5616.19,232202.59,0.71,0.5,0.32,29119.22
7960,9,0.66,199.13,11254.58,75.2,5615.46,232219.54,0.71,0.5,0.32,29117.1
7970,9,0.66,199.08,11179.38,75.21,5614.72,232236.51,0.71,0.5,0.32,29114.97
7980,9,0.66,199.03,11104.16,75.21,5613.99,232253.49,0.71,0.5,0.32,29112.84
7990,9,0.66,198.99,11028.95,75.22,5613.26,232270.49,0.71,0.5,0.32,29110.71
8000,9,0.65,198.94,10953.72,75.22,5612.53,232287.51,0.71,0.5,0.32,29108.58
8010,9,0.65,198.89,10878.5,75.23,5611.8,232304.54,0.71,0.5,0.32,29106.44
8020,9,0.65,198.84,10803.26,75.23,5611.07,232321.59,0.71,0.5,0.32,29104.3
8030,9,0.65,198.8,10728.02,75.24,5610.34,232338.65,0.71,0.5,0.32,29102.17
8040,9,0.65,198.75,10652.78,75.24,5609.61,232355.73,0.71,0.5,0.32,29100.03
8050,9,0.65,198.7,10577.53,75.25,5608.89,232372.83,0.71,0.5,0.32,29097.89
8060,9,0.65,198.65,10502.27,75.26,5608.16,232389.94,0.71,0.5,0.32,29095.74
8070,9,0.65,198.61,10427.01,75.26,5607.43,232407.07,0.71,0.5,0.32,29093.6
8080,9,0.65,198.56,10351.74,75.27,5606.7,232424.21,0.71,0.5,0.32,29091.45
8090,9,0.65,198.51,10276.47,75.27,5605.97,232441.38,0.71,0.5,0.32,29089.3
8100,9,0.65,198.46,10201.19,75.28,5605.25,232458.55,0.71,0.5,0.32,29087.15
8110,9,0.65,198.41,10125.91,75.28,5604.52,232475.75,0.71,0.5,0.32,29085.0
8120,9,0.65,198.37,10050.62,75.29,5603.8,232492.96,0.71,0.5,0.32,29082.85
8130,9,0.65,198.32,9975.33,75.29,5603.07,232510.18,0.71,0.5,0.32,29080.69
8140,9,0.65,198.27,9900.03,75.3,5602.34,232527.43,0.71,0.5,0.32,29078.54
8150,9,0.65,198.22,9824.72,75.31,5601.62,232544.68,0.71,0.5,0.32,29076.38
8160,9,0.65,198.17,9749.41,75.31,5600.9,232561.96,0.71,0.5,0.32,29074.22
8170,9,0.65,198.13,9674.09,75.32,5600.17,232579.25,0.71,0.5,0.32,29072.06
8180,9,0.65,198.08,9598.77,75.32,5599.45,232596.56,0.71,0.5,0.32,29069.89
8190,9,0.65,198.03,9523.44,75.33,5598.72,232613.89,0.71,0.5,0.32,29067.73
8200,9,0.65,197.98,9448.11,75.33,5598.0,232631.23,0.71,0.5,0.32,29065.56
8210,9,0.65,197.94,9372.77,75.34,5597.28,232648.59,0.71,0.5,0.31,29063.39
8220,9,0.65,197.89,9297.42,75.35,5596.56,232665.96,0.71,0.5,0.31,29061.22
8230,9,0.65,197.84,9222.07,75.35,5595.83,232683.35,0.71,0.5,0.31,29059.05
8240,9,0.65,197.79,9146.71,75.36,5595.11,232700.76,0.71,0.5,0.31,29056.87
8250,9,0.65,197.74,9071.35,75.36,5594.39,232718.18,0.71,0.5,0.31,29054.7
8260,9,0.65,197.7,8995.98,75.37,5593.67,232735.62,0.71,0.5,0.31,29052.52
8270,9,0.65,197.65,8920.61,75.37,5592.95,232753.08,0.71,0.5,0.31,29050.34
8280,9,0.65,197.6,8845.23,75.38,5592.23,232770.56,0.71,0.5,0.31,29048.16
8290,9,0.65,197.55,8769.85,75.38,5591.51,232788.05,0.71,0.5,0.31,29045.98
8300,9,0.65,197.5,8694.46,75.39,5590.79,232805.56,0.71,0.5,0.31,29043.79
8310,9,0.65,197.45,8619.06,75.4,5590.07,232823.08,0.71,0.5,0.31,29041.6
8320,9,0.65,197.41,8543.66,75.4,5589.35,232840.62,0.71,0.5,0.31,29039.42
8330,9,0.65,197.36,8468.25,75.41,5588.64,232858.18,0.71,0.5,0.31,29037.23
8340,9,0.65,197.31,8392.84,75.41,5587.92,232875.76,0.71,0.5,0.31,29035.03
8350,9,0.65,197.26,8317.42,75.42,5587.2,232893.35,0.71,0.5,0.31,29032.84
8360,9,0.65,197.21,8241.99,75.42,5586.48,232910.96,0.71,0.5,0.31,29030.64
8370,9,0.65,197.17,8166.56,75.43,5585.77,232928.59,0.71,0.5,0.31,29028.45
8380,9,0.65,197.12,8091.13,75.44,5585.05,232946.23,0.71,0.5,0.31,29026.25
8390,9,0.65,197.07,8015.69,75.44,5584.34,232963.89,0.71,0.5,0.31,29024.05
8400,9,0.65,197.02,7940.24,75.45,5583.62,232981.57,0.71,0.5,0.31,29021.85
8410,9,0.65,196.97,7864.79,75.45,5582.9,232999.26,0.71,0.5,0.31,29019.64
8420,9,0.65,196.92,7789.33,75.46,5582.19,233016.97,0.71,0.5,0.31,29017.43
8430,9,0.65,196.88,7713.86,75.46,5581.48,233034.7,0.71,0.5,0.31,29015.23
8440,9,0.65,196.83,7638.39,75.47,5580.76,233052.45,0.71,0.5,0.31,29013.02
8450,9,0.65,196.78,7562.92,75.48,5580.05,233070.21,0.71,0.5,0.31,29010.81
8460,9,0.65,196.73,7487.43,75.48,5579.34,233087.99,0.71,0.5,0.31,29008.59
8470,9,0.65,196.68,7411.95,75.49,5578.62,233105.79,0.71,0.5,0.31,29006.38
8480,9,0.65,196.63,7336.45,75.49,5577.91,233123.6,0.7,0.5,0.31,29004.16
8490,9,0.65,196.59,7260.95,75.5,5577.2,233141.44,0.7,0.5,0.31,29001.94
8500,9,0.65,196.54,7185.45,75.5,5576.49,233159.29,0.7,0.5,0.31,28999.72
8510,9,0.65,196.49,7109.94,75.51,5575.78,233177.15,0.7,0.5,0.31,28997.5
8520,9,0.65,196.44,7034.42,75.52,5575.06,233195.04,0.7,0.5,0.31,28995.27
8530,9,0.65,196.39,6958.9,75.52,5574.35,233212.94,0.7,0.5,0.31,28993.05
8540,9,0.65,196.34,6883.37,75.53,5573.64,233230.86,0.7,0.5,0.31,28990.82
8550,9,0.65,196.3,6807.84,75.53,5572.93,233248.79,0.7,0.5,0.31,28988.59
8560,9,0.65,196.25,6732.3,75.54,5572.23,233266.75,0.7,0.5,0.31,28986.36
8570,9,0.65,196.2,6656.75,75.55,5571.52,233284.72,0.7,0.5,0.31,28984.13
8580,9,0.65,196.15,6581.2,75.55,5570.81,233302.71,0.7,0.5,0.31,28981.89
8590,9,0.65,196.1,6505.64,75.56,5570.1,233320.71,0.7,0.5,0.31,28979.65
8600,9,0.65,196.05,6430.08,75.56,5569.39,233338.74,0.7,0.5,0.31,28977.41
8610,9,0.65,196.0,6354.51,75.57,5568.68,233356.78,0.7,0.5,0.31,28975.17
8620,9,0.65,195.96,6278.94,75.57,5567.98,233374.84,0.7,0.5,0.31,28972.93
8630,9,0.64,195.91,6203.36,75.58,5567.27,233392.91,0.7,0.5,0.31,28970.69
8640,9,0.64,195.86,6127.77,75.59,5566.56,233411.01,0.7,0.5,0.31,28968.44
8650,9,0.64,195.81,6052.18,75.59,5565.86,233429.12,0.7,0.5,0.31,28966.19
8660,9,0.64,195.76,5976.58,75.6,5565.15,233447.25,0.7,0.5,0.31,28963.94
8670,9,0.64,195.71,5900.98,75.6,5564.45,233465.39,0.7,0.5,0.31,28961.69
8680,9,0.64,195.66,5825.37,75.61,5563.74,233483.56,0.7,0.5,0.31,28959.44
8690,9,0.64,195.61,5749.75,75.62,5563.04,233501.74,0.7,0.5,0.31,28957.18
8700,9,0.64,195.57,5674.13,75.62,5562.34,233519.94,0.7,0.5,0.31,28954.92
8710,9,0.64,195.52,5598.5,75.63,5561.63,233538.16,0.7,0.5,0.31,28952.67
8720,9,0.64,195.47,5522.87,75.63,5560.93,233556.4,0.7,0.5,0.31,28950.4
8730,9,0.64,195.42,5447.23,75.64,5560.23,233574.65,0.7,0.5,0.31,28948.14
8740,9,0.64,195.37,5371.58,75.65,5559.52,233592.92,0.7,0.5,0.31,28945.88
8750,9,0.64,195.32,5295.93,75.65,5558.82,233611.21,0.7,0.5,0.31,28943.61
8760,9,0.64,195.27,5220.27,75.66,5558.12,233629.52,0.7,0.5,0.31,28941.34
8770,9,0.64,195.22,5144.61,75.66,5557.42,233647.85,0.7,0.5,0.31,28939.07
8780,9,0.64,195.18,5068.94,75.67,5556.72,233666.19,0.7,0.5,0.31,28936.8
8790,9,0.64,195.13,4993.27,75.68,5556.02,233684.56,0.7,0.5,0.31,28934.52
8800,9,0.64,195.08,4917.59,75.68,5555.32,233702.94,0.7,0.5,0.31,28932.25
8810,9,0.64,195.03,4841.9,75.69,5554.62,233721.33,0.7,0.5,0.31,28929.97
8820,9,0.64,194.98,4766.21,75.69,5553.92,233739.75,0.7,0.5,0.31,28927.69
8830,9,0.64,194.93,4690.51,75.7,5553.22,233758.19,0.7,0.5,0.31,28925.41
8840,9,0.64,194.88,4614.8,75.7,5552.52,233776.64,0.7,0.5,0.31,28923.13
8850,9,0.64,194.83,4539.09,75.71,5551.83,233795.11,0.7,0.5,0.31,28920.84
8860,9,0.64,194.78,4463.37,75.72,5551.13,233813.6,0.7,0.5,0.31,28918.55
8870,9,0.64,194.74,4387.65,75.72,5550.43,233832.11,0.7,0.5,0.31,28916.26
8880,9,0.64,194.69,4311.92,75.73,5549.73,233850.63,0.7,0.5,0.31,28913.97
8890,9,0.64,194.64,4236.19,75.73,5549.04,233869.18,0.7,0.5,0.31,28911.68
8900,9,0.64,194.59,4160.45,75.74,5548.34,233887.74,0.7,0.5,0.31,28909.38
8910,9,0.64,194.54,4084.7,75.75,5547.65,233906.32,0.7,0.5,0.31,28907.09
8920,9,0.64,194.49,4008.95,75.75,5546.95,233924.92,0.7,0.5,0.31,28904.79
8930,9,0.64,194.44,3933.19,75.76,5546.26,233943.54,0.7,0.5,0.31,28902.49
8940,9,0.64,194.39,3857.42,75.76,5545.56,233962.18,0.7,0.5,0.31,28900.18
8950,9,0.64,194.34,3781.65,75.77,5544.87,233980.83,0.7,0.5,0.31,28897.88
8960,9,0.64,194.29,3705.87,75.78,5544.17,233999.51,0.7,0.5,0.31,28895.57
8970,9,0.64,194.24,3630.09,75.78,5543.48,234018.2,0.7,0.5,0.31,28893.27
8980,9,0.64,194.2,3554.3,75.79,5542.79,234036.91,0.7,0.5,0.31,28890.95
8990,9,0.64,194.15,3478.51,75.8,5542.1,234055.64,0.7,0.5,0.31,28888.64
9000,9,0.64,194.1,3402.71,75.8,5541.4,234074.39,0.7,0.5,0.31,28886.33
9010,9,0.64,194.05,3326.9,75.81,5540.71,234093.15,0.7,0.5,0.31,28884.01
9020,9,0.64,194.0,3251.09,75.81,5540.02,234111.94,0.7,0.5,0.31,28881.69
9030,9,0.64,193.95,3175.27,75.82,5539.33,234130.74,0.7,0.5,0.31,28879.37
9040,9,0.64,193.9,3099.44,75.83,5538.64,234149.57,0.7,0.5,0.31,28877.05
9050,9,0.64,193.85,3023.61,75.83,5537.95,234168.41,0.7,0.5,0.31,28874.73
9060,9,0.64,193.8,2947.77,75.84,5537.26,234187.27,0.7,0.5,0.31,28872.4
9070,9,0.64,193.75,2871.93,75.84,5536.57,234206.15,0.7,0.5,0.31,28870.07
9080,9,0.64,193.7,2796.08,75.85,5535.88,234225.05,0.7,0.5,0.31,28867.74
9090,9,0.64,193.65,2720.22,75.86,5535.19,234243.97,0.7,0.5,0.31,28865.41
9100,9,0.64,193.6,2644.36,75.86,5534.51,234262.9,0.7,0.5,0.31,28863.08
9110,9,0.64,193.55,2568.49,75.87,5533.82,234281.86,0.7,0.5,0.31,28860.74
9120,9,0.64,193.51,2492.61,75.87,5533.13,234300.83,0.7,0.5,0.31,28858.41
9130,9,0.64,193.46,2416.73,75.88,5532.45,234319.83,0.7,0.5,0.31,28856.07
9140,9,0.64,193.41,2340.85,75.89,5531.76,234338.84,0.7,0.5,0.31,28853.72
9150,9,0.64,193.36,2264.95,75.89,5531.07,234357.87,0.7,0.5,0.31,28851.38
9160,9,0.64,193.31,2189.05,75.9,5530.39,234376.92,0.7,0.5,0.31,28849.04
9170,9,0.64,193.26,2113.15,75.91,5529.7,234395.99,0.7,0.5,0.31,28846.69
9180,9,0.64,193.21,2037.24,75.91,5529.02,234415.08,0.7,0.5,0.31,28844.34
9190,9,0.64,193.16,1961.32,75.92,5528.33,234434.19,0.7,0.5,0.31,28841.99
9200,9,0.64,193.11,1885.4,75.92,5527.65,234453.32,0.7,0.5,0.31,28839.63
9210,9,0.64,193.06,1809.47,75.93,5526.97,234472.47,0.7,0.5,0.31,28837.28
9220,9,0.64,193.01,1733.53,75.94,5526.28,234491.63,0.7,0.5,0.31,28834.92
9230,9,0.64,192.96,1657.59,75.94,5525.6,234510.82,0.7,0.5,0.31,28832.56
9240,9,0.64,192.91,1581.64,75.95,5524.92,234530.02,0.7,0.5,0.31,28830.2
9250,9,0.63,192.86,1505.68,75.96,5524.24,234549.25,0.7,0.5,0.31,28827.84
9260,9,0.63,192.81,1429.72,75.96,5523.56,234568.49,0.7,0.5,0.31,28825.47
9270,9,0.63,192.76,1353.75,75.97,5522.88,234587.75,0.7,0.5,0.31,28823.1
9280,9,0.63,192.71,1277.78,75.97,5522.19,234607.04,0.7,0.5,0.31,28820.73
9290,9,0.63,192.66,1201.8,75.98,5521.51,234626.34,0.7,0.5,0.31,28818.36
9300,9,0.63,192.61,1125.81,75.99,5520.83,234645.66,0.7,0.5,0.31,28815.99
9310,9,0.63,192.56,1049.82,75.99,5520.16,234665.0,0.7,0.5,0.31,28813.61
9320,9,0.63,192.51,973.82,76.0,5519.48,234684.36,0.7,0.5,0.31,28811.24
9330,9,0.63,192.46,897.82,76.01,5518.8,234703.74,0.7,0.5,0.31,28808.86
9340,9,0.63,192.41,821.81,76.01,5518.12,234723.15,0.7,0.5,0.31,28806.47
9350,9,0.63,192.36,745.79,76.02,5517.44,234742.57,0.7,0.5,0.31,28804.09
9360,9,0.63,192.31,669.76,76.02,5516.77,234762.01,0.7,0.5,0.31,28801.71
9370,9,0.63,192.27,593.73,76.03,5516.09,234781.47,0.7,0.5,0.31,28799.32
9380,9,0.63,192.22,517.7,76.04,5515.41,234800.95,0.7,0.5,0.31,28796.93
9390,9,0.63,192.17,441.65,76.04,5514.74,234820.44,0.7,0.5,0.31,28794.54
9400,9,0.63,192.12,365.61,76.05,5514.06,234839.96,0.7,0.5,0.31,28792.14
9410,9,0.63,192.07,289.55,76.06,5513.39,234859.5,0.7,0.5,0.31,28789.75
9420,9,0.63,192.02,213.49,76.06,5512.71,234879.06,0.7,0.5,0.31,28787.35
9430,9,0.63,191.97,137.42,76.07,5512.04,234898.64,0.7,0.5,0.31,28784.95
9440,9,0.63,191.92,61.35,76.07,5511.36,234918.24,0.7,0.5,0.31,28782.55
9450,9,0.63,191.87,-14.74,76.08,5510.69,234937.86,0.7,0.5,0.31,28780.14
