Dist,Alt,Mach,TAS,Fuel,Fuel Burn,gNOx,gCO2
0,8.0,0.71,219.72,69715.0,3285.0,,
10,8.0,0.71,219.74,69641.61,73.39,6914.4,226628.57
20,8.0,0.71,219.73,69568.22,73.39,6911.89,226628.57
30,8.01,0.71,219.73,69494.83,73.39,6909.39,226628.57
40,8.01,0.71,219.72,69421.44,73.39,6906.88,226628.57
50,8.01,0.71,219.71,69348.05,73.39,6904.37,226628.57
60,8.01,0.71,219.7,69274.66,73.39,6901.86,226628.57
70,8.02,0.71,219.7,69201.27,73.39,6899.35,226628.57
80,8.02,0.71,219.69,69127.88,73.39,6896.84,226628.57
90,8.02,0.71,219.68,69054.49,73.39,6894.33,226628.57
100,8.02,0.71,219.68,68981.1,73.39,6891.82,226628.57
110,8.02,0.71,219.67,68907.71,73.39,6889.32,226628.57
120,8.03,0.71,219.66,68834.32,73.39,6886.81,226628.57
130,8.03,0.71,219.65,68760.93,73.39,6884.3,226628.57
140,8.03,0.71,219.65,68687.54,73.39,6881.79,226628.57
150,8.03,0.71,219.64,68614.15,73.39,6879.29,226628.57
160,8.04,0.71,219.63,68540.76,73.39,6876.78,226628.57
170,8.04,0.71,219.63,68467.37,73.39,6874.27,226628.57
180,8.04,0.71,219.62,68393.98,73.39,6871.77,226628.57
190,8.04,0.71,219.61,68320.59,73.39,6869.26,226628.57
200,8.05,0.71,219.6,68247.2,73.39,6866.76,226628.57
210,8.05,0.71,219.6,68173.81,73.39,6864.25,226628.57
220,8.05,0.71,219.59,68100.42,73.39,6861.74,226628.57
230,8.05,0.71,219.58,68027.03,73.39,6859.24,226628.57
240,8.06,0.71,219.58,67953.64,73.39,6856.73,226628.57
250,8.06,0.71,219.57,67880.25,73.39,6854.23,226628.57
260,8.06,0.71,219.56,67806.86,73.39,6851.73,226628.57
270,8.06,0.71,219.55,67733.47,73.39,6849.22,226628.57
280,8.07,0.71,219.55,67660.08,73.39,6846.72,226628.57
290,8.07,0.71,219.54,67586.69,73.39,6844.21,226628.57
300,8.07,0.71,219.53,67513.3,73.39,6841.71,226628.57
310,8.07,0.71,219.53,67439.91,73.39,6839.21,226628.57
320,8.07,0.71,219.52,67366.52,73.39,6836.7,226628.57
330,8.08,0.71,219.51,67293.13,73.39,6834.2,226628.57
340,8.08,0.71,219.5,67219.74,73.39,6831.7,226628.57
350,8.08,0.71,219.5,67146.35,73.39,6829.19,226628.57
360,8.08,0.71,219.49,67072.96,73.39,6826.69,226628.57
370,8.09,0.71,219.48,66999.57,73.39,6824.19,226628.57
380,8.09,0.71,219.47,66926.18,73.39,6821.69,226628.57
390,8.09,0.71,219.47,66852.79,73.39,6819.19,226628.57
400,8.09,0.71,219.46,66779.4,73.39,6816.68,226628.57
410,8.1,0.71,219.45,66706.01,73.39,6814.18,226628.57
420,8.1,0.71,219.45,66632.62,73.39,6811.68,226628.57
430,8.1,0.71,219.44,66559.23,73.39,6809.18,226628.57
440,8.1,0.71,219.43,66485.84,73.39,6806.68,226628.57
450,8.11,0.71,219.42,66412.45,73.39,6804.18,226628.57
460,8.11,0.71,219.42,66339.06,73.39,6801.68,226628.57
470,8.11,0.71,219.41,66265.67,73.39,6799.18,226628.57
480,8.11,0.71,219.4,66192.28,73.39,6796.68,226628.57
490,8.11,0.71,219.4,66118.89,73.39,6794.18,226628.57
500,8.12,0.71,219.39,66045.5,73.39,6791.68,226628.57
510,8.12,0.71,219.38,65972.11,73.39,6789.18,226628.57
520,8.12,0.71,219.37,65898.72,73.39,6786.68,226628.57
530,8.12,0.71,219.37,65825.33,73.39,6784.19,226628.57
540,8.13,0.71,219.36,65751.94,73.39,6781.69,226628.57
550,8.13,0.71,219.35,65678.55,73.39,6779.19,226628.57
560,8.13,0.71,219.34,65605.16,73.39,6776.69,226628.57
570,8.13,0.71,219.34,65531.77,73.39,6774.19,226628.57
580,8.14,0.71,219.33,65458.38,73.39,6771.7,226628.57
590,8.14,0.71,219.32,65384.99,73.39,6769.2,226628.57
600,8.14,0.71,219.32,65311.6,73.39,6766.7,226628.57
610,8.14,0.71,219.31,65238.21,73.39,6764.2,226628.57
620,8.15,0.71,219.3,65164.82,73.39,6761.71,226628.57
630,8.15,0.71,219.29,65091.42,73.39,6759.21,226628.57
640,8.15,0.71,219.29,65018.03,73.39,6756.72,226628.57
650,8.15,0.71,219.28,64944.64,73.39,6754.22,226628.57
660,8.16,0.71,219.27,64871.25,73.39,6751.72,226628.57
670,8.16,0.71,219.27,64797.86,73.39,6749.23,226628.57
680,8.16,0.71,219.26,64724.47,73.39,6746.73,226628.57
690,8.16,0.71,219.25,64651.08,73.39,6744.24,226628.57
700,8.17,0.71,219.24,64577.69,73.39,6741.74,226628.57
710,8.17,0.71,219.24,64504.3,73.39,6739.25,226628.57
720,8.17,0.71,219.23,64430.91,73.39,6736.75,226628.57
730,8.17,0.71,219.22,64357.52,73.39,6734.26,226628.57
740,8.17,0.71,219.21,64284.13,73.39,6731.77,226628.57
750,8.18,0.71,219.21,64210.74,73.39,6729.27,226628.57
760,8.18,0.71,219.2,64137.35,73.39,6726.78,226628.57
770,8.18,0.71,219.19,64063.96,73.39,6724.29,226628.57
780,8.18,0.71,219.19,63990.57,73.39,6721.79,226628.57
790,8.19,0.71,219.18,63917.18,73.39,6719.3,226628.57
800,8.19,0.71,219.17,63843.79,73.39,6716.81,226628.57
810,8.19,0.71,219.16,63770.4,73.39,6714.31,226628.57
820,8.19,0.71,219.16,63697.01,73.39,6711.82,226628.57
830,8.2,0.71,219.15,63623.62,73.39,6709.33,226628.57
840,8.2,0.71,219.14,63550.23,73.39,6706.84,226628.57
850,8.2,0.71,219.13,63476.84,73.39,6704.35,226628.57
860,8.2,0.71,219.13,63403.45,73.39,6701.85,226628.57
870,8.21,0.71,219.12,63330.06,73.39,6699.36,226628.57
880,8.21,0.71,219.11,63256.67,73.39,6696.87,226628.57
890,8.21,0.71,219.1,63183.28,73.39,6694.38,226628.57
900,8.21,0.71,219.1,63109.89,73.39,6691.89,226628.57
910,8.22,0.71,219.09,63036.5,73.39,6689.4,226628.57
920,8.22,0.71,219.08,62963.11,73.39,6686.91,226628.57
930,8.22,0.71,219.08,62889.72,73.39,6684.42,226628.57
940,8.22,0.71,219.07,62816.33,73.39,6681.93,226628.57
950,8.23,0.71,219.06,62742.94,73.39,6679.44,226628.57
960,8.23,0.71,219.05,62669.55,73.39,6676.95,226628.57
970,8.23,0.71,219.05,62596.16,73.39,6674.46,226628.57
980,8.23,0.71,219.04,62522.77,73.39,6671.98,226628.57
990,8.23,0.71,219.03,62449.38,73.39,6669.49,226628.57
1000,8.24,0.71,219.02,62375.99,73.39,6667.0,226628.57
1010,8.24,0.71,219.02,62302.6,73.39,6664.51,226628.57
1020,8.24,0.71,219.01,62229.21,73.39,6662.02,226628.57
1030,8.24,0.71,219.0,62155.82,73.39,6659.54,226628.57
1040,8.25,0.71,219.0,62082.43,73.39,6657.05,226628.57
1050,8.25,0.71,218.99,62009.04,73.39,6654.56,226628.57
1060,8.25,0.71,218.98,61935.65,73.39,6652.07,226628.57
1070,8.25,0.71,218.97,61862.26,73.39,6649.59,226628.57
1080,8.26,0.71,218.97,61788.87,73.39,6647.1,226628.57
1090,8.26,0.71,218.96,61715.48,73.39,6644.61,226628.57
1100,8.26,0.71,218.95,61642.09,73.39,6642.13,226628.57
1110,8.26,0.71,218.94,61568.7,73.39,6639.64,226628.57
1120,8.27,0.71,218.94,61495.31,73.39,6637.16,226628.57
1130,8.27,0.71,218.93,61421.92,73.39,6634.67,226628.57
1140,8.27,0.71,218.92,61348.53,73.39,6632.19,226628.57
1150,8.27,0.71,218.91,61275.14,73.39,6629.7,226628.57
1160,8.28,0.71,218.91,61201.75,73.39,6627.22,226628.57
1170,8.28,0.71,218.9,61128.36,73.39,6624.73,226628.57
1180,8.28,0.71,218.89,61054.97,73.39,6622.25,226628.57
1190,8.28,0.71,218.88,60981.58,73.39,6619.76,226628.57
1200,8.29,0.71,218.88,60908.19,73.39,6617.28,226628.57
1210,8.29,0.71,218.87,60834.8,73.39,6614.8,226628.57
1220,8.29,0.71,218.86,60761.41,73.39,6612.31,226628.57
1230,8.29,0.71,218.86,60688.02,73.39,6609.83,226628.57
1240,8.3,0.71,218.85,60614.63,73.39,6607.35,226628.57
1250,8.3,0.71,218.84,60541.24,73.39,6604.86,226628.57
1260,8.3,0.71,218.83,60467.85,73.39,6602.38,226628.57
1270,8.3,0.71,218.83,60394.46,73.39,6599.9,226628.57
1280,8.31,0.71,218.82,60321.07,73.39,6597.42,226628.57
1290,8.31,0.71,218.81,60247.68,73.39,6594.93,226628.57
1300,8.31,0.71,218.8,60174.29,73.39,6592.45,226628.57
1310,8.31,0.71,218.8,60100.9,73.39,6589.97,226628.57
1320,8.32,0.71,218.79,60027.51,73.39,6587.49,226628.57
1330,8.32,0.71,218.78,59954.12,73.39,6585.01,226628.57
1340,8.32,0.71,218.77,59880.73,73.39,6582.53,226628.57
1350,8.32,0.71,218.77,59807.34,73.39,6580.05,226628.57
1360,8.32,0.71,218.76,59733.95,73.39,6577.57,226628.57
1370,8.33,0.71,218.75,59660.56,73.39,6575.09,226628.57
1380,8.33,0.71,218.74,59587.17,73.39,6572.61,226628.57
1390,8.33,0.71,218.74,59513.78,73.39,6570.13,226628.57
1400,8.33,0.71,218.73,59440.39,73.39,6567.65,226628.57
1410,8.34,0.71,218.72,59367.0,73.39,6565.17,226628.57
1420,8.34,0.71,218.71,59293.61,73.39,6562.69,226628.57
1430,8.34,0.71,218.71,59220.22,73.39,6560.21,226628.57
1440,8.34,0.71,218.7,59146.83,73.39,6557.73,226628.57
1450,8.35,0.71,218.69,59073.44,73.39,6555.25,226628.57
1460,8.35,0.71,218.68,59000.05,73.39,6552.77,226628.57
1470,8.35,0.71,218.68,58926.66,73.39,6550.3,226628.57
1480,8.35,0.71,218.67,58853.27,73.39,6547.82,226628.57
1490,8.36,0.71,218.66,58779.88,73.39,6545.34,226628.57
1500,8.36,0.71,218.65,58706.49,73.39,6542.86,226628.57
1510,8.36,0.71,218.65,58633.1,73.39,6540.39,226628.57
1520,8.36,0.71,218.64,58559.71,73.39,6537.91,226628.57
1530,8.37,0.71,218.63,58486.32,73.39,6535.43,226628.57
1540,8.37,0.71,218.62,58412.93,73.39,6532.96,226628.57
1550,8.37,0.71,218.62,58339.54,73.39,6530.48,226628.57
1560,8.37,0.71,218.61,58266.15,73.39,6528.0,226628.57
1570,8.38,0.71,218.6,58192.76,73.39,6525.53,226628.57
1580,8.38,0.71,218.59,58119.37,73.39,6523.05,226628.57
1590,8.38,0.71,218.59,58045.98,73.39,6520.58,226628.57
1600,8.38,0.71,218.58,57972.59,73.39,6518.1,226628.57
1610,8.39,0.71,218.57,57899.2,73.39,6515.63,226628.57
1620,8.39,0.71,218.57,57825.81,73.39,6513.15,226628.57
1630,8.39,0.71,218.56,57752.42,73.39,6510.68,226628.57
1640,8.39,0.71,218.55,57679.03,73.39,6508.2,226628.57
1650,8.4,0.71,218.54,57605.64,73.39,6505.73,226628.57
1660,8.4,0.71,218.54,57532.25,73.39,6503.26,226628.57
1670,8.4,0.71,218.53,57458.86,73.39,6500.78,226628.57
1680,8.4,0.71,218.52,57385.47,73.39,6498.31,226628.57
1690,8.41,0.71,218.51,57312.08,73.39,6495.84,226628.57
1700,8.41,0.71,218.51,57238.69,73.39,6493.36,226628.57
1710,8.41,0.71,218.5,57165.3,73.39,6490.89,226628.57
1720,8.41,0.71,218.49,57091.91,73.39,6488.42,226628.57
1730,8.42,0.71,218.48,57018.52,73.39,6485.94,226628.57
1740,8.42,0.71,218.48,56945.13,73.39,6483.47,226628.57
1750,8.42,0.71,218.47,56871.74,73.39,6481.0,226628.57
1760,8.42,0.71,218.46,56798.35,73.39,6478.53,226628.57
1770,8.43,0.71,218.45,56724.96,73.39,6476.06,226628.57
1780,8.43,0.71,218.44,56651.57,73.39,6473.59,226628.57
1790,8.43,0.71,218.44,56578.18,73.39,6471.12,226628.57
1800,8.43,0.71,218.43,56504.79,73.39,6468.64,226628.57
1810,8.44,0.71,218.42,56431.4,73.39,6466.17,226628.57
1820,8.44,0.71,218.41,56358.01,73.39,6463.7,226628.57
1830,8.44,0.71,218.41,56284.62,73.39,6461.23,226628.57
1840,8.44,0.71,218.4,56211.23,73.39,6458.76,226628.57
1850,8.45,0.71,218.39,56137.84,73.39,6456.29,226628.57
1860,8.45,0.71,218.38,56064.45,73.39,6453.82,226628.57
1870,8.45,0.71,218.38,55991.06,73.39,6451.36,226628.57
1880,8.45,0.71,218.37,55917.66,73.39,6448.89,226628.57
1890,8.46,0.71,218.36,55844.27,73.39,6446.42,226628.57
1900,8.46,0.71,218.35,55770.88,73.39,6443.95,226628.57
1910,8.46,0.71,218.35,55697.49,73.39,6441.48,226628.57
1920,8.46,0.71,218.34,55624.1,73.39,6439.01,226628.57
1930,8.47,0.71,218.33,55550.71,73.39,6436.54,226628.57
1940,8.47,0.71,218.32,55477.32,73.39,6434.08,226628.57
1950,8.47,0.71,218.32,55403.93,73.39,6431.61,226628.57
1960,8.47,0.71,218.31,55330.54,73.39,6429.14,226628.57
1970,8.48,0.71,218.3,55257.15,73.39,6426.67,226628.57
1980,8.48,0.71,218.29,55183.76,73.39,6424.21,226628.57
1990,8.48,0.71,218.29,55110.37,73.39,6421.74,226628.57
2000,8.48,0.71,218.28,55036.98,73.39,6419.28,226628.57
2010,8.49,0.71,218.27,54963.59,73.39,6416.81,226628.57
2020,8.49,0.71,218.26,54890.2,73.39,6414.34,226628.57
2030,8.49,0.71,218.26,54816.81,73.39,6411.88,226628.57
2040,8.49,0.71,218.25,54743.42,73.39,6409.41,226628.57
2050,8.5,0.71,218.24,54670.03,73.39,6406.95,226628.57
2060,8.5,0.71,218.23,54596.64,73.39,6404.48,226628.57
2070,8.5,0.71,218.23,54523.25,73.39,6402.02,226628.57
2080,8.5,0.71,218.22,54449.86,73.39,6399.55,226628.57
2090,8.51,0.71,218.21,54376.47,73.39,6397.09,226628.57
2100,8.51,0.71,218.2,54303.08,73.39,6394.62,226628.57
2110,8.51,0.71,218.2,54229.69,73.39,6392.16,226628.57
2120,8.51,0.71,218.19,54156.3,73.39,6389.7,226628.57
2130,8.52,0.71,218.18,54082.91,73.39,6387.23,226628.57
2140,8.52,0.71,218.17,54009.52,73.39,6384.77,226628.57
2150,8.52,0.71,218.16,53936.13,73.39,6382.31,226628.57
2160,8.52,0.71,218.16,53862.74,73.39,6379.84,226628.57
2170,8.53,0.71,218.15,53789.35,73.39,6377.38,226628.57
2180,8.53,0.71,218.14,53715.96,73.39,6374.92,226628.57
2190,8.53,0.71,218.13,53642.57,73.39,6372.46,226628.57
2200,8.53,0.71,218.13,53569.18,73.39,6369.99,226628.57
2210,8.54,0.71,218.12,53495.79,73.39,6367.53,226628.57
2220,8.54,0.71,218.11,53422.4,73.39,6365.07,226628.57
2230,8.54,0.71,218.1,53349.01,73.39,6362.61,226628.57
2240,8.54,0.71,218.1,53275.62,73.39,6360.15,226628.57
2250,8.55,0.71,218.09,53202.23,73.39,6357.69,226628.57
2260,8.55,0.71,218.08,53128.84,73.39,6355.23,226628.57
2270,8.55,0.71,218.07,53055.45,73.39,6352.77,226628.57
2280,8.55,0.71,218.07,52982.06,73.39,6350.3,226628.57
2290,8.56,0.71,218.06,52908.67,73.39,6347.84,226628.57
2300,8.56,0.71,218.05,52835.28,73.39,6345.38,226628.57
2310,8.56,0.71,218.04,52761.89,73.39,6342.93,226628.57
2320,8.56,0.71,218.04,52688.5,73.39,6340.47,226628.57
2330,8.57,0.71,218.03,52615.11,73.39,6338.01,226628.57
2340,8.57,0.71,218.02,52541.72,73.39,6335.55,226628.57
2350,8.57,0.71,218.01,52468.33,73.39,6333.09,226628.57
2360,8.57,0.71,218.0,52394.94,73.39,6330.63,226628.57
2370,8.58,0.71,218.0,52321.55,73.39,6328.17,226628.57
2380,8.58,0.71,217.99,52248.16,73.39,6325.71,226628.57
2390,8.58,0.71,217.98,52174.77,73.39,6323.26,226628.57
2400,8.58,0.71,217.97,52101.38,73.39,6320.8,226628.57
2410,8.59,0.71,217.97,52027.99,73.39,6318.34,226628.57
2420,8.59,0.71,217.96,51954.6,73.39,6315.88,226628.57
2430,8.59,0.71,217.95,51881.21,73.39,6313.43,226628.57
2440,8.59,0.71,217.94,51807.82,73.39,6310.97,226628.57
2450,8.6,0.71,217.94,51734.43,73.39,6308.51,226628.57
2460,8.6,0.71,217.93,51661.04,73.39,6306.06,226628.57
2470,8.6,0.71,217.92,51587.65,73.39,6303.6,226628.57
2480,8.6,0.71,217.91,51514.26,73.39,6301.15,226628.57
2490,8.61,0.71,217.9,51440.87,73.39,6298.69,226628.57
2500,8.61,0.71,217.9,51367.48,73.39,6296.23,226628.57
2510,8.61,0.71,217.89,51294.09,73.39,6293.78,226628.57
2520,8.61,0.71,217.88,51220.7,73.39,6291.32,226628.57
2530,8.62,0.71,217.87,51147.31,73.39,6288.87,226628.57
2540,8.62,0.71,217.87,51073.92,73.39,6286.41,226628.57
2550,8.62,0.71,217.86,51000.53,73.39,6283.96,226628.57
2560,8.62,0.71,217.85,50927.14,73.39,6281.51,226628.57
2570,8.63,0.71,217.84,50853.75,73.39,6279.05,226628.57
2580,8.63,0.71,217.84,50780.36,73.39,6276.6,226628.57
2590,8.63,0.71,217.83,50706.97,73.39,6274.14,226628.57
2600,8.63,0.71,217.82,50633.58,73.39,6271.69,226628.57
2610,8.64,0.71,217.81,50560.19,73.39,6269.24,226628.57
2620,8.64,0.71,217.8,50486.8,73.39,6266.79,226628.57
2630,8.64,0.71,217.8,50413.41,73.39,6264.33,226628.57
2640,8.64,0.71,217.79,50340.02,73.39,6261.88,226628.57
2650,8.65,0.71,217.78,50266.63,73.39,6259.43,226628.57
2660,8.65,0.71,217.77,50193.24,73.39,6256.98,226628.57
2670,8.65,0.71,217.77,50119.85,73.39,6254.52,226628.57
2680,8.65,0.71,217.76,50046.46,73.39,6252.07,226628.57
2690,8.66,0.71,217.75,49973.07,73.39,6249.62,226628.57
2700,8.66,0.71,217.74,49899.68,73.39,6247.17,226628.57
2710,8.66,0.71,217.73,49826.29,73.39,6244.72,226628.57
2720,8.66,0.71,217.73,49752.9,73.39,6242.27,226628.57
2730,8.67,0.71,217.72,49679.51,73.39,6239.82,226628.57
2740,8.67,0.71,217.71,49606.12,73.39,6237.37,226628.57
2750,8.67,0.71,217.7,49532.73,73.39,6234.92,226628.57
2760,8.67,0.71,217.7,49459.34,73.39,6232.47,226628.57
2770,8.68,0.71,217.69,49385.95,73.39,6230.02,226628.57
2780,8.68,0.71,217.68,49312.56,73.39,6227.57,226628.57
2790,8.68,0.71,217.67,49239.17,73.39,6225.12,226628.57
2800,8.68,0.71,217.66,49165.78,73.39,6222.67,226628.57
2810,8.69,0.71,217.66,49092.39,73.39,6220.22,226628.57
2820,8.69,0.71,217.65,49019.0,73.39,6217.77,226628.57
2830,8.69,0.71,217.64,48945.61,73.39,6215.33,226628.57
2840,8.69,0.71,217.63,48872.22,73.39,6212.88,226628.57
2850,8.7,0.71,217.63,48798.83,73.39,6210.43,226628.57
2860,8.7,0.71,217.62,48725.44,73.39,6207.98,226628.57
2870,8.7,0.71,217.61,48652.05,73.39,6205.54,226628.57
2880,8.7,0.71,217.6,48578.66,73.39,6203.09,226628.57
2890,8.71,0.71,217.59,48505.27,73.39,6200.64,226628.57
2900,8.71,0.71,217.59,48431.88,73.39,6198.19,226628.57
2910,8.71,0.71,217.58,48358.49,73.39,6195.75,226628.57
2920,8.71,0.71,217.57,48285.1,73.39,6193.3,226628.57
2930,8.72,0.71,217.56,48211.71,73.39,6190.86,226628.57
2940,8.72,0.71,217.56,48138.32,73.39,6188.41,226628.57
2950,8.72,0.71,217.55,48064.93,73.39,6185.96,226628.57
2960,8.73,0.71,217.54,47991.54,73.39,6183.52,226628.57
2970,8.73,0.71,217.53,47918.15,73.39,6181.07,226628.57
2980,8.73,0.71,217.52,47844.76,73.39,6178.63,226628.57
2990,8.73,0.71,217.52,47771.37,73.39,6176.18,226628.57
3000,8.74,0.71,217.51,47697.98,73.39,6173.74,226628.57
3010,8.74,0.71,217.5,47624.59,73.39,6171.29,226628.57
3020,8.74,0.71,217.49,47551.2,73.39,6168.85,226628.57
3030,8.74,0.71,217.48,47477.81,73.39,6166.41,226628.57
3040,8.75,0.71,217.48,47404.42,73.39,6163.96,226628.57
3050,8.75,0.71,217.47,47331.03,73.39,6161.52,226628.57
3060,8.75,0.71,217.46,47257.64,73.39,6159.08,226628.57
3070,8.75,0.71,217.45,47184.25,73.39,6156.63,226628.57
3080,8.76,0.71,217.45,47110.86,73.39,6154.19,226628.57
3090,8.76,0.71,217.44,47037.47,73.39,6151.75,226628.57
3100,8.76,0.71,217.43,46964.08,73.39,6149.31,226628.57
3110,8.76,0.71,217.42,46890.69,73.39,6146.86,226628.57
3120,8.77,0.71,217.41,46817.3,73.39,6144.42,226628.57
3130,8.77,0.71,217.41,46743.9,73.39,6141.98,226628.57
3140,8.77,0.71,217.4,46670.51,73.39,6139.54,226628.57
3150,8.77,0.71,217.39,46597.12,73.39,6137.1,226628.57
3160,8.78,0.71,217.38,46523.73,73.39,6134.66,226628.57
3170,8.78,0.71,217.37,46450.34,73.39,6132.22,226628.57
3180,8.78,0.71,217.37,46376.95,73.39,6129.77,226628.57
3190,8.78,0.71,217.36,46303.56,73.39,6127.33,226628.57
3200,8.79,0.71,217.35,46230.17,73.39,6124.89,226628.57
3210,8.79,0.71,217.34,46156.78,73.39,6122.45,226628.57
3220,8.79,0.71,217.34,46083.39,73.39,6120.01,226628.57
3230,8.79,0.71,217.33,46010.0,73.39,6117.57,226628.57
3240,8.8,0.71,217.32,45936.61,73.39,6115.14,226628.57
3250,8.8,0.71,217.31,45863.22,73.39,6112.7,226628.57
3260,8.8,0.71,217.3,45789.83,73.39,6110.26,226628.57
3270,8.8,0.71,217.3,45716.44,73.39,6107.82,226628.57
3280,8.81,0.71,217.29,45643.05,73.39,6105.38,226628.57
3290,8.81,0.71,217.28,45569.66,73.39,6102.94,226628.57
3300,8.81,0.71,217.27,45496.27,73.39,6100.5,226628.57
3310,8.82,0.71,217.26,45422.88,73.39,6098.07,226628.57
3320,8.82,0.71,217.26,45349.49,73.39,6095.63,226628.57
3330,8.82,0.71,217.25,45276.1,73.39,6093.19,226628.57
3340,8.82,0.71,217.24,45202.71,73.39,6090.75,226628.57
3350,8.83,0.71,217.23,45129.32,73.39,6088.32,226628.57
3360,8.83,0.71,217.22,45055.93,73.39,6085.88,226628.57
3370,8.83,0.71,217.22,44982.54,73.39,6083.44,226628.57
3380,8.83,0.71,217.21,44909.15,73.39,6081.01,226628.57
3390,8.84,0.71,217.2,44835.76,73.39,6078.57,226628.57
3400,8.84,0.71,217.19,44762.37,73.39,6076.14,226628.57
3410,8.84,0.71,217.18,44688.98,73.39,6073.7,226628.57
3420,8.84,0.71,217.18,44615.59,73.39,6071.27,226628.57
3430,8.85,0.71,217.17,44542.2,73.39,6068.83,226628.57
3440,8.85,0.71,217.16,44468.81,73.39,6066.4,226628.57
3450,8.85,0.71,217.15,44395.42,73.39,6063.96,226628.57
3460,8.85,0.71,217.14,44322.03,73.39,6061.53,226628.57
3470,8.86,0.71,217.14,44248.64,73.39,6059.09,226628.57
3480,8.86,0.71,217.13,44175.25,73.39,6056.66,226628.57
3490,8.86,0.71,217.12,44101.86,73.39,6054.22,226628.57
3500,8.86,0.71,217.11,44028.47,73.39,6051.79,226628.57
3510,8.87,0.71,217.11,43955.08,73.39,6049.36,226628.57
3520,8.87,0.71,217.1,43881.69,73.39,6046.92,226628.57
3530,8.87,0.71,217.09,43808.3,73.39,6044.49,226628.57
3540,8.87,0.71,217.08,43734.91,73.39,6042.06,226628.57
3550,8.88,0.71,217.07,43661.52,73.39,6039.62,226628.57
3560,8.88,0.71,217.07,43588.13,73.39,6037.19,226628.57
3570,8.88,0.71,217.06,43514.74,73.39,6034.76,226628.57
3580,8.89,0.71,217.05,43441.35,73.39,6032.33,226628.57
3590,8.89,0.71,217.04,43367.96,73.39,6029.9,226628.57
3600,8.89,0.71,217.03,43294.57,73.39,6027.47,226628.57
3610,8.89,0.71,217.03,43221.18,73.39,6025.03,226628.57
3620,8.9,0.71,217.02,43147.79,73.39,6022.6,226628.57
3630,8.9,0.71,217.01,43074.4,73.39,6020.17,226628.57
3640,8.9,0.71,217.0,43001.01,73.39,6017.74,226628.57
3650,8.9,0.71,216.99,42927.62,73.39,6015.31,226628.57
3660,8.91,0.71,216.99,42854.23,73.39,6012.88,226628.57
3670,8.91,0.71,216.98,42780.84,73.39,6010.45,226628.57
3680,8.91,0.71,216.97,42707.45,73.39,6008.02,226628.57
3690,8.91,0.71,216.96,42634.06,73.39,6005.59,226628.57
3700,8.92,0.71,216.95,42560.67,73.39,6003.16,226628.57
3710,8.92,0.71,216.94,42487.28,73.39,6000.73,226628.57
3720,8.92,0.71,216.94,42413.89,73.39,5998.3,226628.57
3730,8.92,0.71,216.93,42340.5,73.39,5995.88,226628.57
3740,8.93,0.71,216.92,42267.11,73.39,5993.45,226628.57
3750,8.93,0.71,216.91,42193.72,73.39,5991.02,226628.57
3760,8.93,0.71,216.9,42120.33,73.39,5988.59,226628.57
3770,8.94,0.71,216.9,42046.94,73.39,5986.16,226628.57
3780,8.94,0.71,216.89,41973.55,73.39,5983.74,226628.57
3790,8.94,0.71,216.88,41900.16,73.39,5981.31,226628.57
3800,8.94,0.71,216.87,41826.77,73.39,5978.88,226628.57
3810,8.95,0.71,216.86,41753.38,73.39,5976.45,226628.57
3820,8.95,0.71,216.86,41679.99,73.39,5974.03,226628.57
3830,8.95,0.71,216.85,41606.6,73.39,5971.6,226628.57
3840,8.95,0.71,216.84,41533.21,73.39,5969.18,226628.57
3850,8.96,0.71,216.83,41459.82,73.39,5966.75,226628.57
3860,8.96,0.71,216.82,41386.43,73.39,5964.32,226628.57
3870,8.96,0.71,216.82,41313.04,73.39,5961.9,226628.57
3880,8.96,0.71,216.81,41239.65,73.39,5959.47,226628.57
3890,8.97,0.71,216.8,41166.26,73.39,5957.05,226628.57
3900,8.97,0.71,216.79,41092.87,73.39,5954.62,226628.57
3910,8.97,0.71,216.78,41019.48,73.39,5952.2,226628.57
3920,8.97,0.71,216.78,40946.09,73.39,5949.77,226628.57
3930,8.98,0.71,216.77,40872.7,73.39,5947.35,226628.57
3940,8.98,0.71,216.76,40799.31,73.39,5944.92,226628.57
3950,8.98,0.71,216.75,40725.92,73.39,5942.5,226628.57
3960,8.99,0.71,216.74,40652.53,73.39,5940.08,226628.57
3970,8.99,0.71,216.74,40579.14,73.39,5937.65,226628.57
3980,8.99,0.71,216.73,40505.75,73.39,5935.23,226628.57
3990,8.99,0.71,216.72,40432.36,73.39,5932.81,226628.57
4000,9.0,0.71,216.71,40358.97,73.39,5930.39,226628.57
4010,9.0,0.71,216.7,40285.58,73.39,5927.96,226628.57
4020,9.0,0.71,216.69,40212.19,73.39,5925.54,226628.57
4030,9.0,0.71,216.69,40138.8,73.39,5923.12,226628.57
4040,9.01,0.71,216.68,40065.41,73.39,5920.7,226628.57
4050,9.01,0.71,216.67,39992.02,73.39,5918.27,226628.57
4060,9.01,0.71,216.66,39918.63,73.39,5915.85,226628.57
4070,9.01,0.71,216.65,39845.24,73.39,5913.43,226628.57
4080,9.02,0.71,216.65,39771.85,73.39,5911.01,226628.57
4090,9.02,0.71,216.64,39698.46,73.39,5908.59,226628.57
4100,9.02,0.71,216.63,39625.07,73.39,5906.17,226628.57
4110,9.02,0.71,216.62,39551.68,73.39,5903.75,226628.57
4120,9.03,0.71,216.61,39478.29,73.39,5901.33,226628.57
4130,9.03,0.71,216.61,39404.9,73.39,5898.91,226628.57
4140,9.03,0.71,216.6,39331.51,73.39,5896.49,226628.57
4150,9.04,0.71,216.59,39258.12,73.39,5894.07,226628.57
4160,9.04,0.71,216.58,39184.73,73.39,5891.65,226628.57
4170,9.04,0.71,216.57,39111.34,73.39,5889.23,226628.57
4180,9.04,0.71,216.56,39037.95,73.39,5886.81,226628.57
4190,9.05,0.71,216.56,38964.56,73.39,5884.39,226628.57
4200,9.05,0.71,216.55,38891.17,73.39,5881.98,226628.57
4210,9.05,0.71,216.54,38817.78,73.39,5879.56,226628.57
4220,9.05,0.71,216.53,38744.39,73.39,5877.14,226628.57
4230,9.06,0.71,216.52,38671.0,73.39,5874.72,226628.57
4240,9.06,0.71,216.52,38597.61,73.39,5872.3,226628.57
4250,9.06,0.71,216.51,38524.22,73.39,5869.89,226628.57
4260,9.06,0.71,216.5,38450.83,73.39,5867.47,226628.57
4270,9.07,0.71,216.49,38377.44,73.39,5865.05,226628.57
4280,9.07,0.71,216.48,38304.05,73.39,5862.64,226628.57
4290,9.07,0.71,216.47,38230.66,73.39,5860.22,226628.57
4300,9.08,0.71,216.47,38157.27,73.39,5857.8,226628.57
4310,9.08,0.71,216.46,38083.88,73.39,5855.39,226628.57
4320,9.08,0.71,216.45,38010.49,73.39,5852.97,226628.57
4330,9.08,0.71,216.44,37937.1,73.39,5850.56,226628.57
4340,9.09,0.71,216.43,37863.71,73.39,5848.14,226628.57
4350,9.09,0.71,216.43,37790.32,73.39,5845.73,226628.57
4360,9.09,0.71,216.42,37716.93,73.39,5843.31,226628.57
4370,9.09,0.71,216.41,37643.54,73.39,5840.9,226628.57
4380,9.1,0.71,216.4,37570.14,73.39,5838.48,226628.57
4390,9.1,0.71,216.39,37496.75,73.39,5836.07,226628.57
4400,9.1,0.71,216.38,37423.36,73.39,5833.65,226628.57
4410,9.11,0.71,216.38,37349.97,73.39,5831.24,226628.57
4420,9.11,0.71,216.37,37276.58,73.39,5828.83,226628.57
4430,9.11,0.71,216.36,37203.19,73.39,5826.41,226628.57
4440,9.11,0.71,216.35,37129.8,73.39,5824.0,226628.57
4450,9.12,0.71,216.34,37056.41,73.39,5821.59,226628.57
4460,9.12,0.71,216.33,36983.02,73.39,5819.17,226628.57
4470,9.12,0.71,216.33,36909.63,73.39,5816.76,226628.57
4480,9.12,0.71,216.32,36836.24,73.39,5814.35,226628.57
4490,9.13,0.71,216.31,36762.85,73.39,5811.94,226628.57
4500,9.13,0.71,216.3,36689.46,73.39,5809.52,226628.57
4510,9.13,0.71,216.29,36616.07,73.39,5807.11,226628.57
4520,9.13,0.71,216.28,36542.68,73.39,5804.7,226628.57
4530,9.14,0.71,216.28,36469.29,73.39,5802.29,226628.57
4540,9.14,0.71,216.27,36395.9,73.39,5799.88,226628.57
4550,9.14,0.71,216.26,36322.51,73.39,5797.47,226628.57
4560,9.15,0.71,216.25,36249.12,73.39,5795.06,226628.57
4570,9.15,0.71,216.24,36175.73,73.39,5792.65,226628.57
4580,9.15,0.71,216.24,36102.34,73.39,5790.24,226628.57
4590,9.15,0.71,216.23,36028.95,73.39,5787.83,226628.57
4600,9.16,0.71,216.22,35955.56,73.39,5785.42,226628.57
4610,9.16,0.71,216.21,35882.17,73.39,5783.01,226628.57
4620,9.16,0.71,216.2,35808.78,73.39,5780.6,226628.57
4630,9.16,0.71,216.19,35735.39,73.39,5778.19,226628.57
4640,9.17,0.71,216.19,35662.0,73.39,5775.78,226628.57
4650,9.17,0.71,216.18,35588.61,73.39,5773.37,226628.57
4660,9.17,0.71,216.17,35515.22,73.39,5770.96,226628.57
4670,9.18,0.71,216.16,35441.83,73.39,5768.55,226628.57
4680,9.18,0.71,216.15,35368.44,73.39,5766.15,226628.57
4690,9.18,0.71,216.14,35295.05,73.39,5763.74,226628.57
4700,9.18,0.71,216.14,35221.66,73.39,5761.33,226628.57
4710,9.19,0.71,216.13,35148.27,73.39,5758.92,226628.57
4720,9.19,0.71,216.12,35074.88,73.39,5756.52,226628.57
4730,9.19,0.71,216.11,35001.49,73.39,5754.11,226628.57
4740,9.19,0.71,216.1,34928.1,73.39,5751.7,226628.57
4750,9.2,0.71,216.09,34854.71,73.39,5749.3,226628.57
4760,9.2,0.71,216.09,34781.32,73.39,5746.89,226628.57
4770,9.2,0.71,216.08,34707.93,73.39,5744.48,226628.57
4780,9.2,0.71,216.07,34634.54,73.39,5742.08,226628.57
4790,9.21,0.71,216.06,34561.15,73.39,5739.67,226628.57
4800,9.21,0.71,216.05,34487.76,73.39,5737.27,226628.57
4810,9.21,0.71,216.04,34414.37,73.39,5734.86,226628.57
4820,9.22,0.71,216.04,34340.98,73.39,5732.46,226628.57
4830,9.22,0.71,216.03,34267.59,73.39,5730.05,226628.57
4840,9.22,0.71,216.02,34194.2,73.39,5727.65,226628.57
4850,9.22,0.71,216.01,34120.81,73.39,5725.24,226628.57
4860,9.23,0.71,216.0,34047.42,73.39,5722.84,226628.57
4870,9.23,0.71,215.99,33974.03,73.39,5720.44,226628.57
4880,9.23,0.71,215.99,33900.64,73.39,5718.03,226628.57
4890,9.23,0.71,215.98,33827.25,73.39,5715.63,226628.57
4900,9.24,0.71,215.97,33753.86,73.39,5713.23,226628.57
4910,9.24,0.71,215.96,33680.47,73.39,5710.82,226628.57
4920,9.24,0.71,215.95,33607.08,73.39,5708.42,226628.57
4930,9.25,0.71,215.94,33533.69,73.39,5706.02,226628.57
4940,9.25,0.71,215.93,33460.3,73.39,5703.61,226628.57
4950,9.25,0.71,215.93,33386.91,73.39,5701.21,226628.57
4960,9.25,0.71,215.92,33313.52,73.39,5698.81,226628.57
4970,9.26,0.71,215.91,33240.13,73.39,5696.41,226628.57
4980,9.26,0.71,215.9,33166.74,73.39,5694.01,226628.57
4990,9.26,0.71,215.89,33093.35,73.39,5691.61,226628.57
5000,9.26,0.71,215.88,33019.96,73.39,5689.21,226628.57
5010,9.27,0.71,215.88,32946.57,73.39,5686.8,226628.57
5020,9.27,0.71,215.87,32873.18,73.39,5684.4,226628.57
5030,9.27,0.71,215.86,32799.79,73.39,5682.0,226628.57
5040,9.28,0.71,215.85,32726.4,73.39,5679.6,226628.57
5050,9.28,0.71,215.84,32653.01,73.39,5677.2,226628.57
5060,9.28,0.71,215.83,32579.62,73.39,5674.8,226628.57
5070,9.28,0.71,215.83,32506.23,73.39,5672.4,226628.57
5080,9.29,0.71,215.82,32432.84,73.39,5670.0,226628.57
5090,9.29,0.71,215.81,32359.45,73.39,5667.61,226628.57
5100,9.29,0.71,215.8,32286.06,73.39,5665.21,226628.57
5110,9.29,0.71,215.79,32212.67,73.39,5662.81,226628.57
5120,9.3,0.71,215.78,32139.28,73.39,5660.41,226628.57
5130,9.3,0.71,215.77,32065.89,73.39,5658.01,226628.57
5140,9.3,0.71,215.77,31992.5,73.39,5655.61,226628.57
5150,9.31,0.71,215.76,31919.11,73.39,5653.22,226628.57
5160,9.31,0.71,215.75,31845.72,73.39,5650.82,226628.57
5170,9.31,0.71,215.74,31772.33,73.39,5648.42,226628.57
5180,9.31,0.71,215.73,31698.94,73.39,5646.02,226628.57
5190,9.32,0.71,215.72,31625.55,73.39,5643.63,226628.57
5200,9.32,0.71,215.72,31552.16,73.39,5641.23,226628.57
5210,9.32,0.71,215.71,31478.77,73.39,5638.83,226628.57
5220,9.33,0.71,215.7,31405.38,73.39,5636.44,226628.57
5230,9.33,0.71,215.69,31331.99,73.39,5634.04,226628.57
5240,9.33,0.71,215.68,31258.6,73.39,5631.64,226628.57
5250,9.33,0.71,215.67,31185.21,73.39,5629.25,226628.57
5260,9.34,0.71,215.66,31111.82,73.39,5626.85,226628.57
5270,9.34,0.71,215.66,31038.43,73.39,5624.46,226628.57
5280,9.34,0.71,215.65,30965.04,73.39,5622.06,226628.57
5290,9.34,0.71,215.64,30891.65,73.39,5619.67,226628.57
5300,9.35,0.71,215.63,30818.26,73.39,5617.27,226628.57
5310,9.35,0.71,215.62,30744.87,73.39,5614.88,226628.57
5320,9.35,0.71,215.61,30671.48,73.39,5612.49,226628.57
5330,9.36,0.71,215.61,30598.09,73.39,5610.09,226628.57
5340,9.36,0.71,215.6,30524.7,73.39,5607.7,226628.57
5350,9.36,0.71,215.59,30451.31,73.39,5605.3,226628.57
5360,9.36,0.71,215.58,30377.92,73.39,5602.91,226628.57
5370,9.37,0.71,215.57,30304.53,73.39,5600.52,226628.57
5380,9.37,0.71,215.56,30231.14,73.39,5598.13,226628.57
5390,9.37,0.71,215.55,30157.75,73.39,5595.73,226628.57
5400,9.37,0.71,215.55,30084.36,73.39,5593.34,226628.57
5410,9.38,0.71,215.54,30010.97,73.39,5590.95,226628.57
5420,9.38,0.71,215.53,29937.58,73.39,5588.56,226628.57
5430,9.38,0.71,215.52,29864.19,73.39,5586.16,226628.57
5440,9.39,0.71,215.51,29790.8,73.39,5583.77,226628.57
5450,9.39,0.71,215.5,29717.41,73.39,5581.38,226628.57
5460,9.39,0.71,215.49,29644.02,73.39,5578.99,226628.57
5470,9.39,0.71,215.49,29570.63,73.39,5576.6,226628.57
5480,9.4,0.71,215.48,29497.24,73.39,5574.21,226628.57
5490,9.4,0.71,215.47,29423.85,73.39,5571.82,226628.57
5500,9.4,0.71,215.46,29350.46,73.39,5569.43,226628.57
5510,9.41,0.71,215.45,29277.07,73.39,5567.04,226628.57
5520,9.41,0.71,215.44,29203.68,73.39,5564.65,226628.57
5530,9.41,0.71,215.43,29130.29,73.39,5562.26,226628.57
5540,9.41,0.71,215.43,29056.9,73.39,5559.87,226628.57
5550,9.42,0.71,215.42,28983.51,73.39,5557.48,226628.57
5560,9.42,0.71,215.41,28910.12,73.39,5555.09,226628.57
5570,9.42,0.71,215.4,28836.73,73.39,5552.7,226628.57
5580,9.42,0.71,215.39,28763.34,73.39,5550.31,226628.57
5590,9.43,0.71,215.38,28689.95,73.39,5547.93,226628.57
5600,9.43,0.71,215.37,28616.56,73.39,5545.54,226628.57
5610,9.43,0.71,215.37,28543.17,73.39,5543.15,226628.57
5620,9.44,0.71,215.36,28469.78,73.39,5540.76,226628.57
5630,9.44,0.71,215.35,28396.38,73.39,5538.37,226628.57
5640,9.44,0.71,215.34,28322.99,73.39,5535.99,226628.57
5650,9.44,0.71,215.33,28249.6,73.39,5533.6,226628.57
5660,9.45,0.71,215.32,28176.21,73.39,5531.21,226628.57
5670,9.45,0.71,215.31,28102.82,73.39,5528.83,226628.57
5680,9.45,0.71,215.3,28029.43,73.39,5526.44,226628.57
5690,9.46,0.71,215.3,27956.04,73.39,5524.05,226628.57
5700,9.46,0.71,215.29,27882.65,73.39,5521.67,226628.57
5710,9.46,0.71,215.28,27809.26,73.39,5519.28,226628.57
5720,9.46,0.71,215.27,27735.87,73.39,5516.9,226628.57
5730,9.47,0.71,215.26,27662.48,73.39,5514.51,226628.57
5740,9.47,0.71,215.25,27589.09,73.39,5512.13,226628.57
5750,9.47,0.71,215.24,27515.7,73.39,5509.74,226628.57
5760,9.48,0.71,215.24,27442.31,73.39,5507.36,226628.57
5770,9.48,0.71,215.23,27368.92,73.39,5504.97,226628.57
5780,9.48,0.71,215.22,27295.53,73.39,5502.59,226628.57
5790,9.48,0.71,215.21,27222.14,73.39,5500.2,226628.57
5800,9.49,0.71,215.2,27148.75,73.39,5497.82,226628.57
5810,9.49,0.71,215.19,27075.36,73.39,5495.44,226628.57
5820,9.49,0.71,215.18,27001.97,73.39,5493.05,226628.57
5830,9.49,0.71,215.17,26928.58,73.39,5490.67,226628.57
5840,9.5,0.71,215.17,26855.19,73.39,5488.29,226628.57
5850,9.5,0.71,215.16,26781.8,73.39,5485.91,226628.57
5860,9.5,0.71,215.15,26708.41,73.39,5483.52,226628.57
5870,9.51,0.71,215.14,26635.02,73.39,5481.14,226628.57
5880,9.51,0.71,215.13,26561.63,73.39,5478.76,226628.57
5890,9.51,0.71,215.12,26488.24,73.39,5476.38,226628.57
5900,9.51,0.71,215.11,26414.85,73.39,5474.0,226628.57
5910,9.52,0.71,215.11,26341.46,73.39,5471.61,226628.57
5920,9.52,0.71,215.1,26268.07,73.39,5469.23,226628.57
5930,9.52,0.71,215.09,26194.68,73.39,5466.85,226628.57
5940,9.53,0.71,215.08,26121.29,73.39,5464.47,226628.57
5950,9.53,0.71,215.07,26047.9,73.39,5462.09,226628.57
5960,9.53,0.71,215.06,25974.51,73.39,5459.71,226628.57
5970,9.53,0.71,215.05,25901.12,73.39,5457.33,226628.57
5980,9.54,0.71,215.04,25827.73,73.39,5454.95,226628.57
5990,9.54,0.71,215.04,25754.34,73.39,5452.57,226628.57
6000,9.54,0.71,215.03,25680.95,73.39,5450.19,226628.57
6010,9.55,0.71,215.02,25607.56,73.39,5447.81,226628.57
6020,9.55,0.71,215.01,25534.17,73.39,5445.43,226628.57
6030,9.55,0.71,215.0,25460.78,73.39,5443.05,226628.57
6040,9.55,0.71,214.99,25387.39,73.39,5440.68,226628.57
6050,9.56,0.71,214.98,25314.0,73.39,5438.3,226628.57
6060,9.56,0.71,214.97,25240.61,73.39,5435.92,226628.57
6070,9.56,0.71,214.97,25167.22,73.39,5433.54,226628.57
6080,9.57,0.71,214.96,25093.83,73.39,5431.16,226628.57
6090,9.57,0.71,214.95,25020.44,73.39,5428.79,226628.57
6100,9.57,0.71,214.94,24947.05,73.39,5426.41,226628.57
6110,9.57,0.71,214.93,24873.66,73.39,5424.03,226628.57
6120,9.58,0.71,214.92,24800.27,73.39,5421.65,226628.57
6130,9.58,0.71,214.91,24726.88,73.39,5419.28,226628.57
6140,9.58,0.71,214.9,24653.49,73.39,5416.9,226628.57
6150,9.59,0.71,214.9,24580.1,73.39,5414.52,226628.57
6160,9.59,0.71,214.89,24506.71,73.39,5412.15,226628.57
6170,9.59,0.71,214.88,24433.32,73.39,5409.77,226628.57
6180,9.59,0.71,214.87,24359.93,73.39,5407.4,226628.57
6190,9.6,0.71,214.86,24286.54,73.39,5405.02,226628.57
6200,9.6,0.71,214.85,24213.15,73.39,5402.65,226628.57
6210,9.6,0.71,214.84,24139.76,73.39,5400.27,226628.57
6220,9.61,0.71,214.83,24066.37,73.39,5397.9,226628.57
6230,9.61,0.71,214.82,23992.98,73.39,5395.52,226628.57
6240,9.61,0.71,214.82,23919.59,73.39,5393.15,226628.57
6250,9.61,0.71,214.81,23846.2,73.39,5390.77,226628.57
6260,9.62,0.71,214.8,23772.81,73.39,5388.4,226628.57
6270,9.62,0.71,214.79,23699.42,73.39,5386.03,226628.57
6280,9.62,0.71,214.78,23626.03,73.39,5383.65,226628.57
6290,9.63,0.71,214.77,23552.64,73.39,5381.28,226628.57
6300,9.63,0.71,214.76,23479.25,73.39,5378.91,226628.57
6310,9.63,0.71,214.75,23405.86,73.39,5376.53,226628.57
6320,9.63,0.71,214.75,23332.47,73.39,5374.16,226628.57
6330,9.64,0.71,214.74,23259.08,73.39,5371.79,226628.57
6340,9.64,0.71,214.73,23185.69,73.39,5369.42,226628.57
6350,9.64,0.71,214.72,23112.3,73.39,5367.05,226628.57
6360,9.65,0.71,214.71,23038.91,73.39,5364.67,226628.57
6370,9.65,0.71,214.7,22965.52,73.39,5362.3,226628.57
6380,9.65,0.71,214.69,22892.13,73.39,5359.93,226628.57
6390,9.65,0.71,214.68,22818.74,73.39,5357.56,226628.57
6400,9.66,0.71,214.67,22745.35,73.39,5355.19,226628.57
6410,9.66,0.71,214.67,22671.96,73.39,5352.82,226628.57
6420,9.66,0.71,214.66,22598.57,73.39,5350.45,226628.57
6430,9.67,0.71,214.65,22525.18,73.39,5348.08,226628.57
6440,9.67,0.71,214.64,22451.79,73.39,5345.71,226628.57
6450,9.67,0.71,214.63,22378.4,73.39,5343.34,226628.57
6460,9.67,0.71,214.62,22305.01,73.39,5340.97,226628.57
6470,9.68,0.71,214.61,22231.62,73.39,5338.6,226628.57
6480,9.68,0.71,214.6,22158.23,73.39,5336.23,226628.57
6490,9.68,0.71,214.59,22084.84,73.39,5333.86,226628.57
6500,9.69,0.71,214.59,22011.45,73.39,5331.49,226628.57
6510,9.69,0.71,214.58,21938.06,73.39,5329.12,226628.57
6520,9.69,0.71,214.57,21864.67,73.39,5326.76,226628.57
6530,9.69,0.71,214.56,21791.28,73.39,5324.39,226628.57
6540,9.7,0.71,214.55,21717.89,73.39,5322.02,226628.57
6550,9.7,0.71,214.54,21644.5,73.39,5319.65,226628.57
6560,9.7,0.71,214.53,21571.11,73.39,5317.28,226628.57
6570,9.71,0.71,214.52,21497.72,73.39,5314.92,226628.57
6580,9.71,0.71,214.51,21424.33,73.39,5312.55,226628.57
6590,9.71,0.71,214.51,21350.94,73.39,5310.18,226628.57
6600,9.71,0.71,214.5,21277.55,73.39,5307.82,226628.57
6610,9.72,0.71,214.49,21204.16,73.39,5305.45,226628.57
6620,9.72,0.71,214.48,21130.77,73.39,5303.08,226628.57
6630,9.72,0.71,214.47,21057.38,73.39,5300.72,226628.57
6640,9.73,0.71,214.46,20983.99,73.39,5298.35,226628.57
6650,9.73,0.71,214.45,20910.6,73.39,5295.99,226628.57
6660,9.73,0.71,214.44,20837.21,73.39,5293.62,226628.57
6670,9.73,0.71,214.43,20763.82,73.39,5291.26,226628.57
6680,9.74,0.71,214.42,20690.43,73.39,5288.89,226628.57
6690,9.74,0.71,214.42,20617.04,73.39,5286.53,226628.57
6700,9.74,0.71,214.41,20543.65,73.39,5284.16,226628.57
6710,9.75,0.71,214.4,20470.26,73.39,5281.8,226628.57
6720,9.75,0.71,214.39,20396.87,73.39,5279.44,226628.57
6730,9.75,0.71,214.38,20323.48,73.39,5277.07,226628.57
6740,9.75,0.71,214.37,20250.09,73.39,5274.71,226628.57
6750,9.76,0.71,214.36,20176.7,73.39,5272.34,226628.57
6760,9.76,0.71,214.35,20103.31,73.39,5269.98,226628.57
6770,9.76,0.71,214.34,20029.92,73.39,5267.62,226628.57
6780,9.77,0.71,214.33,19956.53,73.39,5265.26,226628.57
6790,9.77,0.71,214.33,19883.14,73.39,5262.89,226628.57
6800,9.77,0.71,214.32,19809.75,73.39,5260.53,226628.57
6810,9.78,0.71,214.31,19736.36,73.39,5258.17,226628.57
6820,9.78,0.71,214.3,19662.97,73.39,5255.81,226628.57
6830,9.78,0.71,214.29,19589.58,73.39,5253.45,226628.57
6840,9.78,0.71,214.28,19516.19,73.39,5251.08,226628.57
6850,9.79,0.71,214.27,19442.8,73.39,5248.72,226628.57
6860,9.79,0.71,214.26,19369.41,73.39,5246.36,226628.57
6870,9.79,0.71,214.25,19296.02,73.39,5244.0,226628.57
6880,9.8,0.71,214.24,19222.62,73.39,5241.64,226628.57
6890,9.8,0.71,214.24,19149.23,73.39,5239.28,226628.57
6900,9.8,0.71,214.23,19075.84,73.39,5236.92,226628.57
6910,9.8,0.71,214.22,19002.45,73.39,5234.56,226628.57
6920,9.81,0.71,214.21,18929.06,73.39,5232.2,226628.57
6930,9.81,0.71,214.2,18855.67,73.39,5229.84,226628.57
6940,9.81,0.71,214.19,18782.28,73.39,5227.48,226628.57
6950,9.82,0.71,214.18,18708.89,73.39,5225.12,226628.57
6960,9.82,0.71,214.17,18635.5,73.39,5222.76,226628.57
6970,9.82,0.71,214.16,18562.11,73.39,5220.41,226628.57
6980,9.82,0.71,214.15,18488.72,73.39,5218.05,226628.57
6990,9.83,0.71,214.14,18415.33,73.39,5215.69,226628.57
7000,9.83,0.71,214.14,18341.94,73.39,5213.33,226628.57
7010,9.83,0.71,214.13,18268.55,73.39,5210.97,226628.57
7020,9.84,0.71,214.12,18195.16,73.39,5208.62,226628.57
7030,9.84,0.71,214.11,18121.77,73.39,5206.26,226628.57
7040,9.84,0.71,214.1,18048.38,73.39,5203.9,226628.57
7050,9.85,0.71,214.09,17974.99,73.39,5201.54,226628.57
7060,9.85,0.71,214.08,17901.6,73.39,5199.19,226628.57
7070,9.85,0.71,214.07,17828.21,73.39,5196.83,226628.57
7080,9.85,0.71,214.06,17754.82,73.39,5194.48,226628.57
7090,9.86,0.71,214.05,17681.43,73.39,5192.12,226628.57
7100,9.86,0.71,214.04,17608.04,73.39,5189.76,226628.57
7110,9.86,0.71,214.04,17534.65,73.39,5187.41,226628.57
7120,9.87,0.71,214.03,17461.26,73.39,5185.05,226628.57
7130,9.87,0.71,214.02,17387.87,73.39,5182.7,226628.57
7140,9.87,0.71,214.01,17314.48,73.39,5180.34,226628.57
7150,9.87,0.71,214.0,17241.09,73.39,5177.99,226628.57
7160,9.88,0.71,213.99,17167.7,73.39,5175.63,226628.57
7170,9.88,0.71,213.98,17094.31,73.39,5173.28,226628.57
7180,9.88,0.71,213.97,17020.92,73.39,5170.92,226628.57
7190,9.89,0.71,213.96,16947.53,73.39,5168.57,226628.57
7200,9.89,0.71,213.95,16874.14,73.39,5166.22,226628.57
7210,9.89,0.71,213.94,16800.75,73.39,5163.86,226628.57
7220,9.9,0.71,213.93,16727.36,73.39,5161.51,226628.57
7230,9.9,0.71,213.93,16653.97,73.39,5159.16,226628.57
7240,9.9,0.71,213.92,16580.58,73.39,5156.8,226628.57
7250,9.9,0.71,213.91,16507.19,73.39,5154.45,226628.57
7260,9.91,0.71,213.9,16433.8,73.39,5152.1,226628.57
7270,9.91,0.71,213.89,16360.41,73.39,5149.75,226628.57
7280,9.91,0.71,213.88,16287.02,73.39,5147.39,226628.57
7290,9.92,0.71,213.87,16213.63,73.39,5145.04,226628.57
7300,9.92,0.71,213.86,16140.24,73.39,5142.69,226628.57
7310,9.92,0.71,213.85,16066.85,73.39,5140.34,226628.57
7320,9.92,0.71,213.84,15993.46,73.39,5137.99,226628.57
7330,9.93,0.71,213.83,15920.07,73.39,5135.64,226628.57
7340,9.93,0.71,213.82,15846.68,73.39,5133.29,226628.57
7350,9.93,0.71,213.81,15773.29,73.39,5130.94,226628.57
7360,9.94,0.71,213.81,15699.9,73.39,5128.59,226628.57
7370,9.94,0.71,213.8,15626.51,73.39,5126.24,226628.57
7380,9.94,0.71,213.79,15553.12,73.39,5123.89,226628.57
7390,9.95,0.71,213.78,15479.73,73.39,5121.54,226628.57
7400,9.95,0.71,213.77,15406.34,73.39,5119.19,226628.57
7410,9.95,0.71,213.76,15332.95,73.39,5116.84,226628.57
7420,9.95,0.71,213.75,15259.56,73.39,5114.49,226628.57
7430,9.96,0.71,213.74,15186.17,73.39,5112.14,226628.57
7440,9.96,0.71,213.73,15112.78,73.39,5109.79,226628.57
7450,9.96,0.71,213.72,15039.39,73.39,5107.44,226628.57
7460,9.97,0.71,213.71,14966.0,73.39,5105.1,226628.57
7470,9.97,0.71,213.7,14892.61,73.39,5102.75,226628.57
7480,9.97,0.71,213.69,14819.22,73.39,5100.4,226628.57
7490,9.98,0.71,213.69,14745.83,73.39,5098.05,226628.57
7500,9.98,0.71,213.68,14672.44,73.39,5095.71,226628.57
7510,9.98,0.71,213.67,14599.05,73.39,5093.36,226628.57
7520,9.98,0.71,213.66,14525.66,73.39,5091.01,226628.57
7530,9.99,0.71,213.65,14452.27,73.39,5088.66,226628.57
7540,9.99,0.71,213.64,14378.88,73.39,5086.32,226628.57
7550,9.99,0.71,213.63,14305.49,73.39,5083.97,226628.57
7560,10.0,0.71,213.62,14232.1,73.39,5081.63,226628.57
7570,10.0,0.71,213.61,14158.71,73.39,5079.28,226628.57
7580,10.0,0.71,213.6,14085.32,73.39,5076.93,226628.57
7590,10.01,0.71,213.59,14011.93,73.39,5074.59,226628.57
7600,10.01,0.71,213.58,13938.54,73.39,5072.24,226628.57
7610,10.01,0.71,213.57,13865.15,73.39,5069.9,226628.57
7620,10.01,0.71,213.56,13791.76,73.39,5067.55,226628.57
7630,10.02,0.71,213.56,13718.37,73.39,5065.21,226628.57
7640,10.02,0.71,213.55,13644.98,73.39,5062.87,226628.57
7650,10.02,0.71,213.54,13571.59,73.39,5060.52,226628.57
7660,10.03,0.71,213.53,13498.2,73.39,5058.18,226628.57
7670,10.03,0.71,213.52,13424.81,73.39,5055.83,226628.57
7680,10.03,0.71,213.51,13351.42,73.39,5053.49,226628.57
7690,10.04,0.71,213.5,13278.03,73.39,5051.15,226628.57
7700,10.04,0.71,213.49,13204.64,73.39,5048.8,226628.57
7710,10.04,0.71,213.48,13131.25,73.39,5046.46,226628.57
7720,10.04,0.71,213.47,13057.86,73.39,5044.12,226628.57
7730,10.05,0.71,213.46,12984.47,73.39,5041.78,226628.57
7740,10.05,0.71,213.45,12911.08,73.39,5039.43,226628.57
7750,10.05,0.71,213.44,12837.69,73.39,5037.09,226628.57
7760,10.06,0.71,213.43,12764.3,73.39,5034.75,226628.57
7770,10.06,0.71,213.42,12690.91,73.39,5032.41,226628.57
7780,10.06,0.71,213.41,12617.52,73.39,5030.07,226628.57
7790,10.07,0.71,213.41,12544.13,73.39,5027.73,226628.57
7800,10.07,0.71,213.4,12470.74,73.39,5025.39,226628.57
7810,10.07,0.71,213.39,12397.35,73.39,5023.05,226628.57
7820,10.07,0.71,213.38,12323.96,73.39,5020.7,226628.57
7830,10.08,0.71,213.37,12250.57,73.39,5018.36,226628.57
7840,10.08,0.71,213.36,12177.18,73.39,5016.02,226628.57
7850,10.08,0.71,213.35,12103.79,73.39,5013.68,226628.57
7860,10.09,0.71,213.34,12030.4,73.39,5011.35,226628.57
7870,10.09,0.71,213.33,11957.01,73.39,5009.01,226628.57
7880,10.09,0.71,213.32,11883.62,73.39,5006.67,226628.57
7890,10.1,0.71,213.31,11810.23,73.39,5004.33,226628.57
7900,10.1,0.71,213.3,11736.84,73.39,5001.99,226628.57
7910,10.1,0.71,213.29,11663.45,73.39,4999.65,226628.57
7920,10.1,0.71,213.28,11590.06,73.39,4997.31,226628.57
7930,10.11,0.71,213.27,11516.67,73.39,4994.97,226628.57
7940,10.11,0.71,213.26,11443.28,73.39,4992.64,226628.57
7950,10.11,0.71,213.25,11369.89,73.39,4990.3,226628.57
7960,10.12,0.71,213.25,11296.5,73.39,4987.96,226628.57
7970,10.12,0.71,213.24,11223.11,73.39,4985.62,226628.57
7980,10.12,0.71,213.23,11149.72,73.39,4983.29,226628.57
7990,10.13,0.71,213.22,11076.33,73.39,4980.95,226628.57
8000,10.13,0.71,213.21,11002.94,73.39,4978.61,226628.57
8010,10.13,0.71,213.2,10929.55,73.39,4976.28,226628.57
8020,10.14,0.71,213.19,10856.16,73.39,4973.94,226628.57
8030,10.14,0.71,213.18,10782.77,73.39,4971.6,226628.57
8040,10.14,0.71,213.17,10709.38,73.39,4969.27,226628.57
8050,10.14,0.71,213.16,10635.99,73.39,4966.93,226628.57
8060,10.15,0.71,213.15,10562.6,73.39,4964.6,226628.57
8070,10.15,0.71,213.14,10489.21,73.39,4962.26,226628.57
8080,10.15,0.71,213.13,10415.82,73.39,4959.93,226628.57
8090,10.16,0.71,213.12,10342.43,73.39,4957.59,226628.57
8100,10.16,0.71,213.11,10269.04,73.39,4955.26,226628.57
8110,10.16,0.71,213.1,10195.65,73.39,4952.92,226628.57
8120,10.17,0.71,213.09,10122.26,73.39,4950.59,226628.57
8130,10.17,0.71,213.08,10048.87,73.39,4948.26,226628.57
8140,10.17,0.71,213.07,9975.47,73.39,4945.92,226628.57
8150,10.17,0.71,213.06,9902.08,73.39,4943.59,226628.57
8160,10.18,0.71,213.06,9828.69,73.39,4941.26,226628.57
8170,10.18,0.71,213.05,9755.3,73.39,4938.92,226628.57
8180,10.18,0.71,213.04,9681.91,73.39,4936.59,226628.57
8190,10.19,0.71,213.03,9608.52,73.39,4934.26,226628.57
8200,10.19,0.71,213.02,9535.13,73.39,4931.92,226628.57
8210,10.19,0.71,213.01,9461.74,73.39,4929.59,226628.57
8220,10.2,0.71,213.0,9388.35,73.39,4927.26,226628.57
8230,10.2,0.71,212.99,9314.96,73.39,4924.93,226628.57
8240,10.2,0.71,212.98,9241.57,73.39,4922.6,226628.57
8250,10.21,0.71,212.97,9168.18,73.39,4920.27,226628.57
8260,10.21,0.71,212.96,9094.79,73.39,4917.93,226628.57
8270,10.21,0.71,212.95,9021.4,73.39,4915.6,226628.57
8280,10.21,0.71,212.94,8948.01,73.39,4913.27,226628.57
8290,10.22,0.71,212.93,8874.62,73.39,4910.94,226628.57
8300,10.22,0.71,212.92,8801.23,73.39,4908.61,226628.57
8310,10.22,0.71,212.91,8727.84,73.39,4906.28,226628.57
8320,10.23,0.71,212.9,8654.45,73.39,4903.95,226628.57
8330,10.23,0.71,212.89,8581.06,73.39,4901.62,226628.57
8340,10.23,0.71,212.88,8507.67,73.39,4899.29,226628.57
8350,10.24,0.71,212.87,8434.28,73.39,4896.96,226628.57
8360,10.24,0.71,212.86,8360.89,73.39,4894.64,226628.57
8370,10.24,0.71,212.85,8287.5,73.39,4892.31,226628.57
8380,10.25,0.71,212.84,8214.11,73.39,4889.98,226628.57
8390,10.25,0.71,212.83,8140.72,73.39,4887.65,226628.57
8400,10.25,0.71,212.82,8067.33,73.39,4885.32,226628.57
8410,10.25,0.71,212.82,7993.94,73.39,4882.99,226628.57
8420,10.26,0.71,212.81,7920.55,73.39,4880.67,226628.57
8430,10.26,0.71,212.8,7847.16,73.39,4878.34,226628.57
8440,10.26,0.71,212.79,7773.77,73.39,4876.01,226628.57
8450,10.27,0.71,212.78,7700.38,73.39,4873.68,226628.57
8460,10.27,0.71,212.77,7626.99,73.39,4871.36,226628.57
8470,10.27,0.71,212.76,7553.6,73.39,4869.03,226628.57
8480,10.28,0.71,212.75,7480.21,73.39,4866.7,226628.57
8490,10.28,0.71,212.74,7406.82,73.39,4864.38,226628.57
8500,10.28,0.71,212.73,7333.43,73.39,4862.05,226628.57
8510,10.29,0.71,212.72,7260.04,73.39,4859.73,226628.57
8520,10.29,0.71,212.71,7186.65,73.39,4857.4,226628.57
8530,10.29,0.71,212.7,7113.26,73.39,4855.08,226628.57
8540,10.29,0.71,212.69,7039.87,73.39,4852.75,226628.57
8550,10.3,0.71,212.68,6966.48,73.39,4850.42,226628.57
8560,10.3,0.71,212.67,6893.09,73.39,4848.1,226628.57
8570,10.3,0.71,212.66,6819.7,73.39,4845.78,226628.57
8580,10.31,0.71,212.65,6746.31,73.39,4843.45,226628.57
8590,10.31,0.71,212.64,6672.92,73.39,4841.13,226628.57
8600,10.31,0.71,212.63,6599.53,73.39,4838.8,226628.57
8610,10.32,0.71,212.62,6526.14,73.39,4836.48,226628.57
8620,10.32,0.71,212.61,6452.75,73.39,4834.16,226628.57
8630,10.32,0.71,212.6,6379.36,73.39,4831.83,226628.57
8640,10.33,0.71,212.59,6305.97,73.39,4829.51,226628.57
8650,10.33,0.71,212.58,6232.58,73.39,4827.19,226628.57
8660,10.33,0.71,212.57,6159.19,73.39,4824.86,226628.57
8670,10.34,0.71,212.56,6085.8,73.39,4822.54,226628.57
8680,10.34,0.71,212.55,6012.41,73.39,4820.22,226628.57
8690,10.34,0.71,212.54,5939.02,73.39,4817.9,226628.57
8700,10.34,0.71,212.53,5865.63,73.39,4815.58,226628.57
8710,10.35,0.71,212.52,5792.24,73.39,4813.25,226628.57
8720,10.35,0.71,212.51,5718.85,73.39,4810.93,226628.57
8730,10.35,0.71,212.5,5645.46,73.39,4808.61,226628.57
8740,10.36,0.71,212.49,5572.07,73.39,4806.29,226628.57
8750,10.36,0.71,212.49,5498.68,73.39,4803.97,226628.57
8760,10.36,0.71,212.48,5425.29,73.39,4801.65,226628.57
8770,10.37,0.71,212.47,5351.9,73.39,4799.33,226628.57
8780,10.37,0.71,212.46,5278.51,73.39,4797.01,226628.57
8790,10.37,0.71,212.45,5205.12,73.39,4794.69,226628.57
8800,10.38,0.71,212.44,5131.73,73.39,4792.37,226628.57
8810,10.38,0.71,212.43,5058.34,73.39,4790.05,226628.57
8820,10.38,0.71,212.42,4984.95,73.39,4787.73,226628.57
8830,10.39,0.71,212.41,4911.56,73.39,4785.41,226628.57
8840,10.39,0.71,212.4,4838.17,73.39,4783.09,226628.57
8850,10.39,0.71,212.39,4764.78,73.39,4780.77,226628.57
8860,10.39,0.71,212.38,4691.39,73.39,4778.46,226628.57
8870,10.4,0.71,212.37,4618.0,73.39,4776.14,226628.57
8880,10.4,0.71,212.36,4544.61,73.39,4773.82,226628.57
8890,10.4,0.71,212.35,4471.22,73.39,4771.5,226628.57
8900,10.41,0.71,212.34,4397.83,73.39,4769.18,226628.57
8910,10.41,0.71,212.33,4324.44,73.39,4766.87,226628.57
8920,10.41,0.71,212.32,4251.05,73.39,4764.55,226628.57
8930,10.42,0.71,212.31,4177.66,73.39,4762.23,226628.57
8940,10.42,0.71,212.3,4104.27,73.39,4759.92,226628.57
8950,10.42,0.71,212.29,4030.88,73.39,4757.6,226628.57
8960,10.43,0.71,212.28,3957.49,73.39,4755.28,226628.57
8970,10.43,0.71,212.27,3884.1,73.39,4752.97,226628.57
8980,10.43,0.71,212.26,3810.71,73.39,4750.65,226628.57
8990,10.44,0.71,212.25,3737.32,73.39,4748.34,226628.57
9000,10.44,0.71,212.24,3663.93,73.39,4746.02,226628.57
9010,10.44,0.71,212.23,3590.54,73.39,4743.7,226628.57
9020,10.45,0.71,212.22,3517.15,73.39,4741.39,226628.57
9030,10.45,0.71,212.21,3443.76,73.39,4739.07,226628.57
9040,10.45,0.71,212.2,3370.37,73.39,4736.76,226628.57
9050,10.45,0.71,212.19,3296.98,73.39,4734.45,226628.57
9060,10.46,0.71,212.18,3223.59,73.39,4732.13,226628.57
9070,10.46,0.71,212.17,3150.2,73.39,4729.82,226628.57
9080,10.46,0.71,212.16,3076.81,73.39,4727.5,226628.57
9090,10.47,0.71,212.15,3003.42,73.39,4725.19,226628.57
9100,10.47,0.71,212.14,2930.03,73.39,4722.88,226628.57
9110,10.47,0.71,212.13,2856.64,73.39,4720.56,226628.57
9120,10.48,0.71,212.12,2783.25,73.39,4718.25,226628.57
9130,10.48,0.71,212.11,2709.86,73.39,4715.94,226628.57
9140,10.48,0.71,212.1,2636.47,73.39,4713.63,226628.57
9150,10.49,0.71,212.09,2563.08,73.39,4711.31,226628.57
9160,10.49,0.71,212.08,2489.69,73.39,4709.0,226628.57
9170,10.49,0.71,212.07,2416.3,73.39,4706.69,226628.57
9180,10.5,0.71,212.06,2342.91,73.39,4704.38,226628.57
9190,10.5,0.71,212.05,2269.52,73.39,4702.07,226628.57
9200,10.5,0.71,212.04,2196.13,73.39,4699.75,226628.57
9210,10.51,0.71,212.03,2122.74,73.39,4697.44,226628.57
9220,10.51,0.71,212.02,2049.35,73.39,4695.13,226628.57
9230,10.51,0.71,212.01,1975.96,73.39,4692.82,226628.57
9240,10.52,0.71,212.0,1902.57,73.39,4690.51,226628.57
9250,10.52,0.71,211.99,1829.18,73.39,4688.2,226628.57
9260,10.52,0.71,211.98,1755.79,73.39,4685.89,226628.57
9270,10.52,0.71,211.97,1682.4,73.39,4683.58,226628.57
9280,10.53,0.71,211.96,1609.01,73.39,4681.27,226628.57
9290,10.53,0.71,211.95,1535.62,73.39,4678.96,226628.57
9300,10.53,0.71,211.94,1462.23,73.39,4676.65,226628.57
9310,10.54,0.71,211.93,1388.84,73.39,4674.34,226628.57
9320,10.54,0.71,211.92,1315.45,73.39,4672.04,226628.57
9330,10.54,0.71,211.91,1242.06,73.39,4669.73,226628.57
9340,10.55,0.71,211.9,1168.67,73.39,4667.42,226628.57
9350,10.55,0.71,211.89,1095.28,73.39,4665.11,226628.57
9360,10.55,0.71,211.88,1021.89,73.39,4662.8,226628.57
9370,10.56,0.71,211.87,948.5,73.39,4660.5,226628.57
9380,10.56,0.71,211.86,875.11,73.39,4658.19,226628.57
9390,10.56,0.71,211.85,801.71,73.39,4655.88,226628.57
9400,10.57,0.71,211.84,728.32,73.39,4653.57,226628.57
9410,10.57,0.71,211.83,654.93,73.39,4651.27,226628.57
9420,10.57,0.71,211.82,581.54,73.39,4648.96,226628.57
9430,10.58,0.71,211.81,508.15,73.39,4646.65,226628.57
9440,10.58,0.71,211.8,434.76,73.39,4644.35,226628.57
9450,10.58,0.71,211.79,361.37,73.39,4642.04,226628.57
9460,10.59,0.71,211.78,287.98,73.39,4639.74,226628.57
9470,10.59,0.71,211.77,214.59,73.39,4637.43,226628.57
9480,10.59,0.71,211.76,141.2,73.39,4635.12,226628.57
9490,10.6,0.71,211.75,67.81,73.39,4632.82,226628.57
9500,10.6,0.71,211.74,-5.58,73.39,4630.51,226628.57
